Model,Dataset,Pair Modality,Pair Type,Cosine Similarity
CyCLIP,flickr30k,Txt-Txt,Pos,0.85112214
CyCLIP,flickr30k,Txt-Txt,Pos,0.84475434
CyCLIP,flickr30k,Txt-Txt,Pos,0.83846325
CyCLIP,flickr30k,Txt-Txt,Pos,0.8872202
CyCLIP,flickr30k,Txt-Txt,Pos,0.86114085
CyCLIP,flickr30k,Txt-Txt,Pos,0.85101384
CyCLIP,flickr30k,Txt-Txt,Pos,0.89793605
CyCLIP,flickr30k,Txt-Txt,Pos,0.8858049
CyCLIP,flickr30k,Txt-Txt,Pos,0.8684361
CyCLIP,flickr30k,Txt-Txt,Pos,0.86717016
CyCLIP,flickr30k,Txt-Txt,Pos,0.815167
CyCLIP,flickr30k,Txt-Txt,Pos,0.8771534
CyCLIP,flickr30k,Txt-Txt,Pos,0.83254063
CyCLIP,flickr30k,Txt-Txt,Pos,0.8627484
CyCLIP,flickr30k,Txt-Txt,Pos,0.8764297
CyCLIP,flickr30k,Txt-Txt,Pos,0.9096599
CyCLIP,flickr30k,Txt-Txt,Pos,0.9003143
CyCLIP,flickr30k,Txt-Txt,Pos,0.8776305
CyCLIP,flickr30k,Txt-Txt,Pos,0.9220581
CyCLIP,flickr30k,Txt-Txt,Pos,0.90668815
CyCLIP,flickr30k,Txt-Txt,Pos,0.85841346
CyCLIP,flickr30k,Txt-Txt,Pos,0.86597514
CyCLIP,flickr30k,Txt-Txt,Pos,0.9341696
CyCLIP,flickr30k,Txt-Txt,Pos,0.95911646
CyCLIP,flickr30k,Txt-Txt,Pos,0.82591003
CyCLIP,flickr30k,Txt-Txt,Pos,0.92497516
CyCLIP,flickr30k,Txt-Txt,Pos,0.8679137
CyCLIP,flickr30k,Txt-Txt,Pos,0.8989217
CyCLIP,flickr30k,Txt-Txt,Pos,0.934218
CyCLIP,flickr30k,Txt-Txt,Pos,0.8771613
CyCLIP,flickr30k,Txt-Txt,Pos,0.80940163
CyCLIP,flickr30k,Txt-Txt,Pos,0.86154294
CyCLIP,flickr30k,Txt-Txt,Pos,0.86030954
CyCLIP,flickr30k,Txt-Txt,Pos,0.8410491
CyCLIP,flickr30k,Txt-Txt,Pos,0.9116433
CyCLIP,flickr30k,Txt-Txt,Pos,0.8339565
CyCLIP,flickr30k,Txt-Txt,Pos,0.8842415
CyCLIP,flickr30k,Txt-Txt,Pos,0.8817289
CyCLIP,flickr30k,Txt-Txt,Pos,0.8686482
CyCLIP,flickr30k,Txt-Txt,Pos,0.90694165
CyCLIP,flickr30k,Txt-Txt,Pos,0.81890845
CyCLIP,flickr30k,Txt-Txt,Pos,0.9262192
CyCLIP,flickr30k,Txt-Txt,Pos,0.85133094
CyCLIP,flickr30k,Txt-Txt,Pos,0.9182958
CyCLIP,flickr30k,Txt-Txt,Pos,0.7823883
CyCLIP,flickr30k,Txt-Txt,Pos,0.8512807
CyCLIP,flickr30k,Txt-Txt,Pos,0.8310048
CyCLIP,flickr30k,Txt-Txt,Pos,0.8148154
CyCLIP,flickr30k,Txt-Txt,Pos,0.7801211
CyCLIP,flickr30k,Txt-Txt,Pos,0.8572271
CyCLIP,flickr30k,Txt-Txt,Pos,0.8468969
CyCLIP,flickr30k,Txt-Txt,Pos,0.8797175
CyCLIP,flickr30k,Txt-Txt,Pos,0.88297707
CyCLIP,flickr30k,Txt-Txt,Pos,0.9485834
CyCLIP,flickr30k,Txt-Txt,Pos,0.94847447
CyCLIP,flickr30k,Txt-Txt,Pos,0.82734716
CyCLIP,flickr30k,Txt-Txt,Pos,0.83054566
CyCLIP,flickr30k,Txt-Txt,Pos,0.92222744
CyCLIP,flickr30k,Txt-Txt,Pos,0.95690286
CyCLIP,flickr30k,Txt-Txt,Pos,0.90578663
CyCLIP,flickr30k,Txt-Txt,Pos,0.8119649
CyCLIP,flickr30k,Txt-Txt,Pos,0.8199787
CyCLIP,flickr30k,Txt-Txt,Pos,0.7859668
CyCLIP,flickr30k,Txt-Txt,Pos,0.8169335
CyCLIP,flickr30k,Txt-Txt,Pos,0.91275126
CyCLIP,flickr30k,Txt-Txt,Pos,0.9271263
CyCLIP,flickr30k,Txt-Txt,Pos,0.87072015
CyCLIP,flickr30k,Txt-Txt,Pos,0.83704233
CyCLIP,flickr30k,Txt-Txt,Pos,0.8197633
CyCLIP,flickr30k,Txt-Txt,Pos,0.82631695
CyCLIP,flickr30k,Txt-Txt,Pos,0.8110663
CyCLIP,flickr30k,Txt-Txt,Pos,0.91580963
CyCLIP,flickr30k,Txt-Txt,Pos,0.7521524
CyCLIP,flickr30k,Txt-Txt,Pos,0.8997615
CyCLIP,flickr30k,Txt-Txt,Pos,0.893397
CyCLIP,flickr30k,Txt-Txt,Pos,0.906639
CyCLIP,flickr30k,Txt-Txt,Pos,0.8195476
CyCLIP,flickr30k,Txt-Txt,Pos,0.81999063
CyCLIP,flickr30k,Txt-Txt,Pos,0.8644401
CyCLIP,flickr30k,Txt-Txt,Pos,0.8418477
CyCLIP,flickr30k,Txt-Txt,Pos,0.86086375
CyCLIP,flickr30k,Txt-Txt,Pos,0.86933774
CyCLIP,flickr30k,Txt-Txt,Pos,0.84939665
CyCLIP,flickr30k,Txt-Txt,Pos,0.8639283
CyCLIP,flickr30k,Txt-Txt,Pos,0.84950167
CyCLIP,flickr30k,Txt-Txt,Pos,0.91513014
CyCLIP,flickr30k,Txt-Txt,Pos,0.89175105
CyCLIP,flickr30k,Txt-Txt,Pos,0.80206394
CyCLIP,flickr30k,Txt-Txt,Pos,0.80870706
CyCLIP,flickr30k,Txt-Txt,Pos,0.80471575
CyCLIP,flickr30k,Txt-Txt,Pos,0.90678847
CyCLIP,flickr30k,Txt-Txt,Pos,0.806238
CyCLIP,flickr30k,Txt-Txt,Pos,0.8736368
CyCLIP,flickr30k,Txt-Txt,Pos,0.8549877
CyCLIP,flickr30k,Txt-Txt,Pos,0.82991636
CyCLIP,flickr30k,Txt-Txt,Pos,0.8481225
CyCLIP,flickr30k,Txt-Txt,Pos,0.89918137
CyCLIP,flickr30k,Txt-Txt,Pos,0.86192507
CyCLIP,flickr30k,Txt-Txt,Pos,0.8814368
CyCLIP,flickr30k,Txt-Txt,Pos,0.85751283
CyCLIP,flickr30k,Txt-Txt,Pos,0.84615725
CyCLIP,flickr30k,Txt-Txt,Pos,0.8819258
CyCLIP,flickr30k,Txt-Txt,Pos,0.911236
CyCLIP,flickr30k,Txt-Txt,Pos,0.9704154
CyCLIP,flickr30k,Txt-Txt,Pos,0.8723432
CyCLIP,flickr30k,Txt-Txt,Pos,0.8037456
CyCLIP,flickr30k,Txt-Txt,Pos,0.8996898
CyCLIP,flickr30k,Txt-Txt,Pos,0.9516901
CyCLIP,flickr30k,Txt-Txt,Pos,0.8849898
CyCLIP,flickr30k,Txt-Txt,Pos,0.7853228
CyCLIP,flickr30k,Txt-Txt,Pos,0.79538393
CyCLIP,flickr30k,Txt-Txt,Pos,0.88364375
CyCLIP,flickr30k,Txt-Txt,Pos,0.8077944
CyCLIP,flickr30k,Txt-Txt,Pos,0.82446194
CyCLIP,flickr30k,Txt-Txt,Pos,0.7826761
CyCLIP,flickr30k,Txt-Txt,Pos,0.86459434
CyCLIP,flickr30k,Txt-Txt,Pos,0.8524846
CyCLIP,flickr30k,Txt-Txt,Pos,0.8462998
CyCLIP,flickr30k,Txt-Txt,Pos,0.85510933
CyCLIP,flickr30k,Txt-Txt,Pos,0.85423887
CyCLIP,flickr30k,Txt-Txt,Pos,0.78774893
CyCLIP,flickr30k,Txt-Txt,Pos,0.8022438
CyCLIP,flickr30k,Txt-Txt,Pos,0.8039674
CyCLIP,flickr30k,Txt-Txt,Pos,0.8685986
CyCLIP,flickr30k,Txt-Txt,Pos,0.84499407
CyCLIP,flickr30k,Txt-Txt,Pos,0.83266187
CyCLIP,flickr30k,Txt-Txt,Pos,0.8080288
CyCLIP,flickr30k,Txt-Txt,Pos,0.8525237
CyCLIP,flickr30k,Txt-Txt,Pos,0.9074643
CyCLIP,flickr30k,Txt-Txt,Pos,0.9238199
CyCLIP,flickr30k,Txt-Txt,Pos,0.83897626
CyCLIP,flickr30k,Txt-Txt,Pos,0.9387789
CyCLIP,flickr30k,Txt-Txt,Pos,0.82424253
CyCLIP,flickr30k,Txt-Txt,Pos,0.8411
CyCLIP,flickr30k,Txt-Txt,Pos,0.85257417
CyCLIP,flickr30k,Txt-Txt,Pos,0.81220365
CyCLIP,flickr30k,Txt-Txt,Pos,0.85470194
CyCLIP,flickr30k,Txt-Txt,Pos,0.8608716
CyCLIP,flickr30k,Txt-Txt,Pos,0.8192425
CyCLIP,flickr30k,Txt-Txt,Pos,0.90531904
CyCLIP,flickr30k,Txt-Txt,Pos,0.77749616
CyCLIP,flickr30k,Txt-Txt,Pos,0.819142
CyCLIP,flickr30k,Txt-Txt,Pos,0.8573599
CyCLIP,flickr30k,Txt-Txt,Pos,0.7868575
CyCLIP,flickr30k,Txt-Txt,Pos,0.94269395
CyCLIP,flickr30k,Txt-Txt,Pos,0.848214
CyCLIP,flickr30k,Txt-Txt,Pos,0.8893297
CyCLIP,flickr30k,Txt-Txt,Pos,0.8632294
CyCLIP,flickr30k,Txt-Txt,Pos,0.87886184
CyCLIP,flickr30k,Txt-Txt,Pos,0.9026368
CyCLIP,flickr30k,Txt-Txt,Pos,0.8733158
CyCLIP,flickr30k,Txt-Txt,Pos,0.7964162
CyCLIP,flickr30k,Txt-Txt,Pos,0.87621695
CyCLIP,flickr30k,Txt-Txt,Pos,0.84759563
CyCLIP,flickr30k,Txt-Txt,Pos,0.82105505
CyCLIP,flickr30k,Txt-Txt,Pos,0.88241076
CyCLIP,flickr30k,Txt-Txt,Pos,0.8708824
CyCLIP,flickr30k,Txt-Txt,Pos,0.95115477
CyCLIP,flickr30k,Txt-Txt,Pos,0.85939157
CyCLIP,flickr30k,Txt-Txt,Pos,0.84140146
CyCLIP,flickr30k,Txt-Txt,Pos,0.8180989
CyCLIP,flickr30k,Txt-Txt,Pos,0.7466489
CyCLIP,flickr30k,Txt-Txt,Pos,0.81704456
CyCLIP,flickr30k,Txt-Txt,Pos,0.8349631
CyCLIP,flickr30k,Txt-Txt,Pos,0.8512911
CyCLIP,flickr30k,Txt-Txt,Pos,0.8493513
CyCLIP,flickr30k,Txt-Txt,Pos,0.92923963
CyCLIP,flickr30k,Txt-Txt,Pos,0.8344459
CyCLIP,flickr30k,Txt-Txt,Pos,0.7840464
CyCLIP,flickr30k,Txt-Txt,Pos,0.843554
CyCLIP,flickr30k,Txt-Txt,Pos,0.9274427
CyCLIP,flickr30k,Txt-Txt,Pos,0.9599722
CyCLIP,flickr30k,Txt-Txt,Pos,0.7710483
CyCLIP,flickr30k,Txt-Txt,Pos,0.8620629
CyCLIP,flickr30k,Txt-Txt,Pos,0.8565969
CyCLIP,flickr30k,Txt-Txt,Pos,0.832518
CyCLIP,flickr30k,Txt-Txt,Pos,0.81261384
CyCLIP,flickr30k,Txt-Txt,Pos,0.8942745
CyCLIP,flickr30k,Txt-Txt,Pos,0.77427405
CyCLIP,flickr30k,Txt-Txt,Pos,0.7950052
CyCLIP,flickr30k,Txt-Txt,Pos,0.8482705
CyCLIP,flickr30k,Txt-Txt,Pos,0.8983705
CyCLIP,flickr30k,Txt-Txt,Pos,0.91072476
CyCLIP,flickr30k,Txt-Txt,Pos,0.8407078
CyCLIP,flickr30k,Txt-Txt,Pos,0.7588704
CyCLIP,flickr30k,Txt-Txt,Pos,0.7902596
CyCLIP,flickr30k,Txt-Txt,Pos,0.8695093
CyCLIP,flickr30k,Txt-Txt,Pos,0.86898166
CyCLIP,flickr30k,Txt-Txt,Pos,0.8825295
CyCLIP,flickr30k,Txt-Txt,Pos,0.9684131
CyCLIP,flickr30k,Txt-Txt,Pos,0.805933
CyCLIP,flickr30k,Txt-Txt,Pos,0.88335025
CyCLIP,flickr30k,Txt-Txt,Pos,0.88349354
CyCLIP,flickr30k,Txt-Txt,Pos,0.85963446
CyCLIP,flickr30k,Txt-Txt,Pos,0.9145502
CyCLIP,flickr30k,Txt-Txt,Pos,0.8337662
CyCLIP,flickr30k,Txt-Txt,Pos,0.818754
CyCLIP,flickr30k,Txt-Txt,Pos,0.8460958
CyCLIP,flickr30k,Txt-Txt,Pos,0.9295713
CyCLIP,flickr30k,Txt-Txt,Pos,0.8812367
CyCLIP,flickr30k,Txt-Txt,Pos,0.7656074
CyCLIP,flickr30k,Txt-Txt,Pos,0.889566
CyCLIP,flickr30k,Txt-Txt,Pos,0.87795895
CyCLIP,flickr30k,Txt-Txt,Pos,0.92686933
CyCLIP,flickr30k,Txt-Txt,Pos,0.88753664
CyCLIP,flickr30k,Txt-Txt,Pos,0.83714926
CyCLIP,flickr30k,Txt-Txt,Pos,0.8667525
CyCLIP,flickr30k,Txt-Txt,Pos,0.83434075
CyCLIP,flickr30k,Txt-Txt,Pos,0.83448243
CyCLIP,flickr30k,Txt-Txt,Pos,0.8068575
CyCLIP,flickr30k,Txt-Txt,Pos,0.88234174
CyCLIP,flickr30k,Txt-Txt,Pos,0.8209209
CyCLIP,flickr30k,Txt-Txt,Pos,0.9157785
CyCLIP,flickr30k,Txt-Txt,Pos,0.92852086
CyCLIP,flickr30k,Txt-Txt,Pos,0.81335557
CyCLIP,flickr30k,Txt-Txt,Pos,0.90239036
CyCLIP,flickr30k,Txt-Txt,Pos,0.80560017
CyCLIP,flickr30k,Txt-Txt,Pos,0.9326805
CyCLIP,flickr30k,Txt-Txt,Pos,0.8823298
CyCLIP,flickr30k,Txt-Txt,Pos,0.94314325
CyCLIP,flickr30k,Txt-Txt,Pos,0.85177225
CyCLIP,flickr30k,Txt-Txt,Pos,0.8301753
CyCLIP,flickr30k,Txt-Txt,Pos,0.75719297
CyCLIP,flickr30k,Txt-Txt,Pos,0.8071814
CyCLIP,flickr30k,Txt-Txt,Pos,0.8903775
CyCLIP,flickr30k,Txt-Txt,Pos,0.81173056
CyCLIP,flickr30k,Txt-Txt,Pos,0.8821469
CyCLIP,flickr30k,Txt-Txt,Pos,0.8377094
CyCLIP,flickr30k,Txt-Txt,Pos,0.9178923
CyCLIP,flickr30k,Txt-Txt,Pos,0.8588943
CyCLIP,flickr30k,Txt-Txt,Pos,0.9360018
CyCLIP,flickr30k,Txt-Txt,Pos,0.8086625
CyCLIP,flickr30k,Txt-Txt,Pos,0.91719437
CyCLIP,flickr30k,Txt-Txt,Pos,0.9028477
CyCLIP,flickr30k,Txt-Txt,Pos,0.9546435
CyCLIP,flickr30k,Txt-Txt,Pos,0.77850455
CyCLIP,flickr30k,Txt-Txt,Pos,0.8375524
CyCLIP,flickr30k,Txt-Txt,Pos,0.8574023
CyCLIP,flickr30k,Txt-Txt,Pos,0.82509106
CyCLIP,flickr30k,Txt-Txt,Pos,0.9111372
CyCLIP,flickr30k,Txt-Txt,Pos,0.8196522
CyCLIP,flickr30k,Txt-Txt,Pos,0.7887666
CyCLIP,flickr30k,Txt-Txt,Pos,0.7912681
CyCLIP,flickr30k,Txt-Txt,Pos,0.92299247
CyCLIP,flickr30k,Txt-Txt,Pos,0.84811604
CyCLIP,flickr30k,Txt-Txt,Pos,0.8502152
CyCLIP,flickr30k,Txt-Txt,Pos,0.84457916
CyCLIP,flickr30k,Txt-Txt,Pos,0.792089
CyCLIP,flickr30k,Txt-Txt,Pos,0.8341764
CyCLIP,flickr30k,Txt-Txt,Pos,0.9228716
CyCLIP,flickr30k,Txt-Txt,Pos,0.7964545
CyCLIP,flickr30k,Txt-Txt,Pos,0.81524235
CyCLIP,flickr30k,Img-Img,Pos,0.9192259
CyCLIP,flickr30k,Img-Img,Pos,0.9347364
CyCLIP,flickr30k,Img-Img,Pos,0.8577078
CyCLIP,flickr30k,Img-Img,Pos,0.8782046
CyCLIP,flickr30k,Img-Img,Pos,0.89702266
CyCLIP,flickr30k,Img-Img,Pos,0.7967172
CyCLIP,flickr30k,Img-Img,Pos,0.84035754
CyCLIP,flickr30k,Img-Img,Pos,0.8538202
CyCLIP,flickr30k,Img-Img,Pos,0.8867139
CyCLIP,flickr30k,Img-Img,Pos,0.9459523
CyCLIP,flickr30k,Img-Img,Pos,0.89524925
CyCLIP,flickr30k,Img-Img,Pos,0.85929966
CyCLIP,flickr30k,Img-Img,Pos,0.877744
CyCLIP,flickr30k,Img-Img,Pos,0.8860965
CyCLIP,flickr30k,Img-Img,Pos,0.8902223
CyCLIP,flickr30k,Img-Img,Pos,0.8839166
CyCLIP,flickr30k,Img-Img,Pos,0.8840475
CyCLIP,flickr30k,Img-Img,Pos,0.89324266
CyCLIP,flickr30k,Img-Img,Pos,0.9555416
CyCLIP,flickr30k,Img-Img,Pos,0.86101663
CyCLIP,flickr30k,Img-Img,Pos,0.93927914
CyCLIP,flickr30k,Img-Img,Pos,0.8614176
CyCLIP,flickr30k,Img-Img,Pos,0.93925726
CyCLIP,flickr30k,Img-Img,Pos,0.9454423
CyCLIP,flickr30k,Img-Img,Pos,0.8924217
CyCLIP,flickr30k,Img-Img,Pos,0.8953799
CyCLIP,flickr30k,Img-Img,Pos,0.85956204
CyCLIP,flickr30k,Img-Img,Pos,0.94269645
CyCLIP,flickr30k,Img-Img,Pos,0.92306995
CyCLIP,flickr30k,Img-Img,Pos,0.89973366
CyCLIP,flickr30k,Img-Img,Pos,0.84886765
CyCLIP,flickr30k,Img-Img,Pos,0.876254
CyCLIP,flickr30k,Img-Img,Pos,0.9132642
CyCLIP,flickr30k,Img-Img,Pos,0.8063467
CyCLIP,flickr30k,Img-Img,Pos,0.9571028
CyCLIP,flickr30k,Img-Img,Pos,0.8466514
CyCLIP,flickr30k,Img-Img,Pos,0.90372163
CyCLIP,flickr30k,Img-Img,Pos,0.88681877
CyCLIP,flickr30k,Img-Img,Pos,0.76642317
CyCLIP,flickr30k,Img-Img,Pos,0.93118477
CyCLIP,flickr30k,Img-Img,Pos,0.857513
CyCLIP,flickr30k,Img-Img,Pos,0.8473114
CyCLIP,flickr30k,Img-Img,Pos,0.877196
CyCLIP,flickr30k,Img-Img,Pos,0.92353475
CyCLIP,flickr30k,Img-Img,Pos,0.865862
CyCLIP,flickr30k,Img-Img,Pos,0.8509942
CyCLIP,flickr30k,Img-Img,Pos,0.8267403
CyCLIP,flickr30k,Img-Img,Pos,0.89852905
CyCLIP,flickr30k,Img-Img,Pos,0.8335591
CyCLIP,flickr30k,Img-Img,Pos,0.8830912
CyCLIP,flickr30k,Img-Img,Pos,0.86770403
CyCLIP,flickr30k,Img-Img,Pos,0.90715706
CyCLIP,flickr30k,Img-Img,Pos,0.94469947
CyCLIP,flickr30k,Img-Img,Pos,0.8899014
CyCLIP,flickr30k,Img-Img,Pos,0.9195987
CyCLIP,flickr30k,Img-Img,Pos,0.80537194
CyCLIP,flickr30k,Img-Img,Pos,0.8341865
CyCLIP,flickr30k,Img-Img,Pos,0.9336278
CyCLIP,flickr30k,Img-Img,Pos,0.93966186
CyCLIP,flickr30k,Img-Img,Pos,0.82572407
CyCLIP,flickr30k,Img-Img,Pos,0.88355356
CyCLIP,flickr30k,Img-Img,Pos,0.85552734
CyCLIP,flickr30k,Img-Img,Pos,0.82728446
CyCLIP,flickr30k,Img-Img,Pos,0.808699
CyCLIP,flickr30k,Img-Img,Pos,0.93031144
CyCLIP,flickr30k,Img-Img,Pos,0.87792814
CyCLIP,flickr30k,Img-Img,Pos,0.87695146
CyCLIP,flickr30k,Img-Img,Pos,0.92269474
CyCLIP,flickr30k,Img-Img,Pos,0.82707536
CyCLIP,flickr30k,Img-Img,Pos,0.90965414
CyCLIP,flickr30k,Img-Img,Pos,0.89719224
CyCLIP,flickr30k,Img-Img,Pos,0.8495392
CyCLIP,flickr30k,Img-Img,Pos,0.8191666
CyCLIP,flickr30k,Img-Img,Pos,0.8946554
CyCLIP,flickr30k,Img-Img,Pos,0.8755268
CyCLIP,flickr30k,Img-Img,Pos,0.860947
CyCLIP,flickr30k,Img-Img,Pos,0.8093258
CyCLIP,flickr30k,Img-Img,Pos,0.8686105
CyCLIP,flickr30k,Img-Img,Pos,0.9147466
CyCLIP,flickr30k,Img-Img,Pos,0.84340554
CyCLIP,flickr30k,Img-Img,Pos,0.8746965
CyCLIP,flickr30k,Img-Img,Pos,0.8878973
CyCLIP,flickr30k,Img-Img,Pos,0.84267896
CyCLIP,flickr30k,Img-Img,Pos,0.88278586
CyCLIP,flickr30k,Img-Img,Pos,0.8341098
CyCLIP,flickr30k,Img-Img,Pos,0.89934325
CyCLIP,flickr30k,Img-Img,Pos,0.9374187
CyCLIP,flickr30k,Img-Img,Pos,0.8705649
CyCLIP,flickr30k,Img-Img,Pos,0.89497745
CyCLIP,flickr30k,Img-Img,Pos,0.8101699
CyCLIP,flickr30k,Img-Img,Pos,0.9640963
CyCLIP,flickr30k,Img-Img,Pos,0.835078
CyCLIP,flickr30k,Img-Img,Pos,0.8982851
CyCLIP,flickr30k,Img-Img,Pos,0.8644769
CyCLIP,flickr30k,Img-Img,Pos,0.8471023
CyCLIP,flickr30k,Img-Img,Pos,0.88659024
CyCLIP,flickr30k,Img-Img,Pos,0.89652896
CyCLIP,flickr30k,Img-Img,Pos,0.9051984
CyCLIP,flickr30k,Img-Img,Pos,0.8559248
CyCLIP,flickr30k,Img-Img,Pos,0.8804019
CyCLIP,flickr30k,Img-Img,Pos,0.8708471
CyCLIP,flickr30k,Img-Img,Pos,0.8784441
CyCLIP,flickr30k,Img-Img,Pos,0.89759654
CyCLIP,flickr30k,Img-Img,Pos,0.9367003
CyCLIP,flickr30k,Img-Img,Pos,0.89604956
CyCLIP,flickr30k,Img-Img,Pos,0.90085083
CyCLIP,flickr30k,Img-Img,Pos,0.8637597
CyCLIP,flickr30k,Img-Img,Pos,0.9390753
CyCLIP,flickr30k,Img-Img,Pos,0.8763685
CyCLIP,flickr30k,Img-Img,Pos,0.88119984
CyCLIP,flickr30k,Img-Img,Pos,0.8753229
CyCLIP,flickr30k,Img-Img,Pos,0.9627323
CyCLIP,flickr30k,Img-Img,Pos,0.8298741
CyCLIP,flickr30k,Img-Img,Pos,0.8390429
CyCLIP,flickr30k,Img-Img,Pos,0.8490393
CyCLIP,flickr30k,Img-Img,Pos,0.8966973
CyCLIP,flickr30k,Img-Img,Pos,0.79845893
CyCLIP,flickr30k,Img-Img,Pos,0.8927493
CyCLIP,flickr30k,Img-Img,Pos,0.8691001
CyCLIP,flickr30k,Img-Img,Pos,0.8422412
CyCLIP,flickr30k,Img-Img,Pos,0.84395474
CyCLIP,flickr30k,Img-Img,Pos,0.82961035
CyCLIP,flickr30k,Img-Img,Pos,0.85460794
CyCLIP,flickr30k,Img-Img,Pos,0.85546035
CyCLIP,flickr30k,Img-Img,Pos,0.8451687
CyCLIP,flickr30k,Img-Img,Pos,0.87343705
CyCLIP,flickr30k,Img-Img,Pos,0.8215191
CyCLIP,flickr30k,Img-Img,Pos,0.90143967
CyCLIP,flickr30k,Img-Img,Pos,0.9016957
CyCLIP,flickr30k,Img-Img,Pos,0.8419042
CyCLIP,flickr30k,Img-Img,Pos,0.8636822
CyCLIP,flickr30k,Img-Img,Pos,0.85058427
CyCLIP,flickr30k,Img-Img,Pos,0.8549222
CyCLIP,flickr30k,Img-Img,Pos,0.8863429
CyCLIP,flickr30k,Img-Img,Pos,0.8971467
CyCLIP,flickr30k,Img-Img,Pos,0.87093216
CyCLIP,flickr30k,Img-Img,Pos,0.8822227
CyCLIP,flickr30k,Img-Img,Pos,0.9040171
CyCLIP,flickr30k,Img-Img,Pos,0.87049407
CyCLIP,flickr30k,Img-Img,Pos,0.9038076
CyCLIP,flickr30k,Img-Img,Pos,0.81306666
CyCLIP,flickr30k,Img-Img,Pos,0.8578609
CyCLIP,flickr30k,Img-Img,Pos,0.8764275
CyCLIP,flickr30k,Img-Img,Pos,0.81740993
CyCLIP,flickr30k,Img-Img,Pos,0.9319847
CyCLIP,flickr30k,Img-Img,Pos,0.8630489
CyCLIP,flickr30k,Img-Img,Pos,0.8171202
CyCLIP,flickr30k,Img-Img,Pos,0.8595059
CyCLIP,flickr30k,Img-Img,Pos,0.89666367
CyCLIP,flickr30k,Img-Img,Pos,0.9124454
CyCLIP,flickr30k,Img-Img,Pos,0.95722973
CyCLIP,flickr30k,Img-Img,Pos,0.8053758
CyCLIP,flickr30k,Img-Img,Pos,0.91718835
CyCLIP,flickr30k,Img-Img,Pos,0.889976
CyCLIP,flickr30k,Img-Img,Pos,0.8785138
CyCLIP,flickr30k,Img-Img,Pos,0.9035754
CyCLIP,flickr30k,Img-Img,Pos,0.89694107
CyCLIP,flickr30k,Img-Img,Pos,0.9218865
CyCLIP,flickr30k,Img-Img,Pos,0.90474206
CyCLIP,flickr30k,Img-Img,Pos,0.8705021
CyCLIP,flickr30k,Img-Img,Pos,0.8427446
CyCLIP,flickr30k,Img-Img,Pos,0.8515072
CyCLIP,flickr30k,Img-Img,Pos,0.8575455
CyCLIP,flickr30k,Img-Img,Pos,0.877984
CyCLIP,flickr30k,Img-Img,Pos,0.8600471
CyCLIP,flickr30k,Img-Img,Pos,0.91399354
CyCLIP,flickr30k,Img-Img,Pos,0.9289776
CyCLIP,flickr30k,Img-Img,Pos,0.7885367
CyCLIP,flickr30k,Img-Img,Pos,0.8433011
CyCLIP,flickr30k,Img-Img,Pos,0.92080927
CyCLIP,flickr30k,Img-Img,Pos,0.86426675
CyCLIP,flickr30k,Img-Img,Pos,0.925752
CyCLIP,flickr30k,Img-Img,Pos,0.88155305
CyCLIP,flickr30k,Img-Img,Pos,0.8545665
CyCLIP,flickr30k,Img-Img,Pos,0.8860805
CyCLIP,flickr30k,Img-Img,Pos,0.8204313
CyCLIP,flickr30k,Img-Img,Pos,0.8370398
CyCLIP,flickr30k,Img-Img,Pos,0.965221
CyCLIP,flickr30k,Img-Img,Pos,0.90839124
CyCLIP,flickr30k,Img-Img,Pos,0.84487617
CyCLIP,flickr30k,Img-Img,Pos,0.83751774
CyCLIP,flickr30k,Img-Img,Pos,0.8895397
CyCLIP,flickr30k,Img-Img,Pos,0.9210729
CyCLIP,flickr30k,Img-Img,Pos,0.8427983
CyCLIP,flickr30k,Img-Img,Pos,0.8328062
CyCLIP,flickr30k,Img-Img,Pos,0.8079035
CyCLIP,flickr30k,Img-Img,Pos,0.86352694
CyCLIP,flickr30k,Img-Img,Pos,0.8701894
CyCLIP,flickr30k,Img-Img,Pos,0.848264
CyCLIP,flickr30k,Img-Img,Pos,0.90311193
CyCLIP,flickr30k,Img-Img,Pos,0.838518
CyCLIP,flickr30k,Img-Img,Pos,0.94112635
CyCLIP,flickr30k,Img-Img,Pos,0.87383515
CyCLIP,flickr30k,Img-Img,Pos,0.8765197
CyCLIP,flickr30k,Img-Img,Pos,0.91534615
CyCLIP,flickr30k,Img-Img,Pos,0.8653704
CyCLIP,flickr30k,Img-Img,Pos,0.8775657
CyCLIP,flickr30k,Img-Img,Pos,0.8751497
CyCLIP,flickr30k,Img-Img,Pos,0.9469721
CyCLIP,flickr30k,Img-Img,Pos,0.8847227
CyCLIP,flickr30k,Img-Img,Pos,0.8477553
CyCLIP,flickr30k,Img-Img,Pos,0.83642745
CyCLIP,flickr30k,Img-Img,Pos,0.87593085
CyCLIP,flickr30k,Img-Img,Pos,0.95668274
CyCLIP,flickr30k,Img-Img,Pos,0.89621246
CyCLIP,flickr30k,Img-Img,Pos,0.8010468
CyCLIP,flickr30k,Img-Img,Pos,0.8224151
CyCLIP,flickr30k,Img-Img,Pos,0.89512527
CyCLIP,flickr30k,Img-Img,Pos,0.87488014
CyCLIP,flickr30k,Img-Img,Pos,0.84051
CyCLIP,flickr30k,Img-Img,Pos,0.8953922
CyCLIP,flickr30k,Img-Img,Pos,0.88888395
CyCLIP,flickr30k,Img-Img,Pos,0.9165293
CyCLIP,flickr30k,Img-Img,Pos,0.9120929
CyCLIP,flickr30k,Img-Img,Pos,0.82331514
CyCLIP,flickr30k,Img-Img,Pos,0.8816481
CyCLIP,flickr30k,Img-Img,Pos,0.78514284
CyCLIP,flickr30k,Img-Img,Pos,0.9263551
CyCLIP,flickr30k,Img-Img,Pos,0.86526614
CyCLIP,flickr30k,Img-Img,Pos,0.9135399
CyCLIP,flickr30k,Img-Img,Pos,0.83358127
CyCLIP,flickr30k,Img-Img,Pos,0.8357507
CyCLIP,flickr30k,Img-Img,Pos,0.79717207
CyCLIP,flickr30k,Img-Img,Pos,0.8859313
CyCLIP,flickr30k,Img-Img,Pos,0.87255734
CyCLIP,flickr30k,Img-Img,Pos,0.8277573
CyCLIP,flickr30k,Img-Img,Pos,0.88204265
CyCLIP,flickr30k,Img-Img,Pos,0.89236003
CyCLIP,flickr30k,Img-Img,Pos,0.85113156
CyCLIP,flickr30k,Img-Img,Pos,0.9210694
CyCLIP,flickr30k,Img-Img,Pos,0.9507881
CyCLIP,flickr30k,Img-Img,Pos,0.86634517
CyCLIP,flickr30k,Img-Img,Pos,0.8915854
CyCLIP,flickr30k,Img-Img,Pos,0.8551839
CyCLIP,flickr30k,Img-Img,Pos,0.9443211
CyCLIP,flickr30k,Img-Img,Pos,0.84041536
CyCLIP,flickr30k,Img-Img,Pos,0.8031652
CyCLIP,flickr30k,Img-Img,Pos,0.8791758
CyCLIP,flickr30k,Img-Img,Pos,0.8397027
CyCLIP,flickr30k,Img-Img,Pos,0.8548924
CyCLIP,flickr30k,Img-Img,Pos,0.8820556
CyCLIP,flickr30k,Img-Img,Pos,0.8193833
CyCLIP,flickr30k,Img-Img,Pos,0.7834074
CyCLIP,flickr30k,Img-Img,Pos,0.9295834
CyCLIP,flickr30k,Img-Img,Pos,0.8252945
CyCLIP,flickr30k,Img-Img,Pos,0.9062605
CyCLIP,flickr30k,Img-Img,Pos,0.90731835
CyCLIP,flickr30k,Img-Img,Pos,0.8351296
CyCLIP,flickr30k,Img-Img,Pos,0.8820205
CyCLIP,flickr30k,Img-Img,Pos,0.9104439
CyCLIP,flickr30k,Img-Img,Pos,0.82558835
CyCLIP,flickr30k,Img-Img,Pos,0.86584646
CyCLIP,flickr30k,Txt-Img,Pos,0.42879337
CyCLIP,flickr30k,Txt-Img,Pos,0.4231044
CyCLIP,flickr30k,Txt-Img,Pos,0.37004706
CyCLIP,flickr30k,Txt-Img,Pos,0.40241852
CyCLIP,flickr30k,Txt-Img,Pos,0.407005
CyCLIP,flickr30k,Txt-Img,Pos,0.37463218
CyCLIP,flickr30k,Txt-Img,Pos,0.3911933
CyCLIP,flickr30k,Txt-Img,Pos,0.4228786
CyCLIP,flickr30k,Txt-Img,Pos,0.41708145
CyCLIP,flickr30k,Txt-Img,Pos,0.4282831
CyCLIP,flickr30k,Txt-Img,Pos,0.411564
CyCLIP,flickr30k,Txt-Img,Pos,0.39514148
CyCLIP,flickr30k,Txt-Img,Pos,0.4073158
CyCLIP,flickr30k,Txt-Img,Pos,0.39062446
CyCLIP,flickr30k,Txt-Img,Pos,0.40886867
CyCLIP,flickr30k,Txt-Img,Pos,0.44493347
CyCLIP,flickr30k,Txt-Img,Pos,0.40554646
CyCLIP,flickr30k,Txt-Img,Pos,0.39933276
CyCLIP,flickr30k,Txt-Img,Pos,0.43895608
CyCLIP,flickr30k,Txt-Img,Pos,0.39144
CyCLIP,flickr30k,Txt-Img,Pos,0.41533887
CyCLIP,flickr30k,Txt-Img,Pos,0.4224805
CyCLIP,flickr30k,Txt-Img,Pos,0.4260349
CyCLIP,flickr30k,Txt-Img,Pos,0.3989065
CyCLIP,flickr30k,Txt-Img,Pos,0.43960178
CyCLIP,flickr30k,Txt-Img,Pos,0.42143267
CyCLIP,flickr30k,Txt-Img,Pos,0.4073644
CyCLIP,flickr30k,Txt-Img,Pos,0.38979936
CyCLIP,flickr30k,Txt-Img,Pos,0.41257372
CyCLIP,flickr30k,Txt-Img,Pos,0.36329907
CyCLIP,flickr30k,Txt-Img,Pos,0.4310206
CyCLIP,flickr30k,Txt-Img,Pos,0.42579252
CyCLIP,flickr30k,Txt-Img,Pos,0.404623
CyCLIP,flickr30k,Txt-Img,Pos,0.38960633
CyCLIP,flickr30k,Txt-Img,Pos,0.41897416
CyCLIP,flickr30k,Txt-Img,Pos,0.3974671
CyCLIP,flickr30k,Txt-Img,Pos,0.3840727
CyCLIP,flickr30k,Txt-Img,Pos,0.42809743
CyCLIP,flickr30k,Txt-Img,Pos,0.37881473
CyCLIP,flickr30k,Txt-Img,Pos,0.42900866
CyCLIP,flickr30k,Txt-Img,Pos,0.37478775
CyCLIP,flickr30k,Txt-Img,Pos,0.38082424
CyCLIP,flickr30k,Txt-Img,Pos,0.39721325
CyCLIP,flickr30k,Txt-Img,Pos,0.44142854
CyCLIP,flickr30k,Txt-Img,Pos,0.40291405
CyCLIP,flickr30k,Txt-Img,Pos,0.4093504
CyCLIP,flickr30k,Txt-Img,Pos,0.43826213
CyCLIP,flickr30k,Txt-Img,Pos,0.43011254
CyCLIP,flickr30k,Txt-Img,Pos,0.35180956
CyCLIP,flickr30k,Txt-Img,Pos,0.36565167
CyCLIP,flickr30k,Txt-Img,Pos,0.4090363
CyCLIP,flickr30k,Txt-Img,Pos,0.43088225
CyCLIP,flickr30k,Txt-Img,Pos,0.3971569
CyCLIP,flickr30k,Txt-Img,Pos,0.40439755
CyCLIP,flickr30k,Txt-Img,Pos,0.45037746
CyCLIP,flickr30k,Txt-Img,Pos,0.373808
CyCLIP,flickr30k,Txt-Img,Pos,0.3578676
CyCLIP,flickr30k,Txt-Img,Pos,0.4179831
CyCLIP,flickr30k,Txt-Img,Pos,0.4313088
CyCLIP,flickr30k,Txt-Img,Pos,0.3917933
CyCLIP,flickr30k,Txt-Img,Pos,0.3665787
CyCLIP,flickr30k,Txt-Img,Pos,0.40981257
CyCLIP,flickr30k,Txt-Img,Pos,0.38658303
CyCLIP,flickr30k,Txt-Img,Pos,0.38707286
CyCLIP,flickr30k,Txt-Img,Pos,0.39045438
CyCLIP,flickr30k,Txt-Img,Pos,0.4063025
CyCLIP,flickr30k,Txt-Img,Pos,0.43774128
CyCLIP,flickr30k,Txt-Img,Pos,0.41662544
CyCLIP,flickr30k,Txt-Img,Pos,0.4101654
CyCLIP,flickr30k,Txt-Img,Pos,0.36575198
CyCLIP,flickr30k,Txt-Img,Pos,0.44761622
CyCLIP,flickr30k,Txt-Img,Pos,0.40118855
CyCLIP,flickr30k,Txt-Img,Pos,0.40265206
CyCLIP,flickr30k,Txt-Img,Pos,0.37462437
CyCLIP,flickr30k,Txt-Img,Pos,0.36388057
CyCLIP,flickr30k,Txt-Img,Pos,0.38605154
CyCLIP,flickr30k,Txt-Img,Pos,0.43105033
CyCLIP,flickr30k,Txt-Img,Pos,0.3705905
CyCLIP,flickr30k,Txt-Img,Pos,0.4084146
CyCLIP,flickr30k,Txt-Img,Pos,0.35947886
CyCLIP,flickr30k,Txt-Img,Pos,0.39957896
CyCLIP,flickr30k,Txt-Img,Pos,0.40480387
CyCLIP,flickr30k,Txt-Img,Pos,0.4191665
CyCLIP,flickr30k,Txt-Img,Pos,0.38196775
CyCLIP,flickr30k,Txt-Img,Pos,0.3998337
CyCLIP,flickr30k,Txt-Img,Pos,0.4208279
CyCLIP,flickr30k,Txt-Img,Pos,0.41210163
CyCLIP,flickr30k,Txt-Img,Pos,0.33871835
CyCLIP,flickr30k,Txt-Img,Pos,0.34257734
CyCLIP,flickr30k,Txt-Img,Pos,0.35266018
CyCLIP,flickr30k,Txt-Img,Pos,0.40672332
CyCLIP,flickr30k,Txt-Img,Pos,0.40634674
CyCLIP,flickr30k,Txt-Img,Pos,0.35858124
CyCLIP,flickr30k,Txt-Img,Pos,0.3747561
CyCLIP,flickr30k,Txt-Img,Pos,0.3496396
CyCLIP,flickr30k,Txt-Img,Pos,0.42738104
CyCLIP,flickr30k,Txt-Img,Pos,0.41285706
CyCLIP,flickr30k,Txt-Img,Pos,0.41476133
CyCLIP,flickr30k,Txt-Img,Pos,0.44508606
CyCLIP,flickr30k,Txt-Img,Pos,0.43038422
CyCLIP,flickr30k,Txt-Img,Pos,0.31417128
CyCLIP,flickr30k,Txt-Img,Pos,0.40570462
CyCLIP,flickr30k,Txt-Img,Pos,0.44636357
CyCLIP,flickr30k,Txt-Img,Pos,0.40903237
CyCLIP,flickr30k,Txt-Img,Pos,0.43391135
CyCLIP,flickr30k,Txt-Img,Pos,0.3983267
CyCLIP,flickr30k,Txt-Img,Pos,0.429548
CyCLIP,flickr30k,Txt-Img,Pos,0.42756498
CyCLIP,flickr30k,Txt-Img,Pos,0.34763753
CyCLIP,flickr30k,Txt-Img,Pos,0.2954578
CyCLIP,flickr30k,Txt-Img,Pos,0.41414845
CyCLIP,flickr30k,Txt-Img,Pos,0.35608688
CyCLIP,flickr30k,Txt-Img,Pos,0.34476453
CyCLIP,flickr30k,Txt-Img,Pos,0.39650357
CyCLIP,flickr30k,Txt-Img,Pos,0.38579014
CyCLIP,flickr30k,Txt-Img,Pos,0.388
CyCLIP,flickr30k,Txt-Img,Pos,0.38042536
CyCLIP,flickr30k,Txt-Img,Pos,0.39171916
CyCLIP,flickr30k,Txt-Img,Pos,0.4123648
CyCLIP,flickr30k,Txt-Img,Pos,0.40051267
CyCLIP,flickr30k,Txt-Img,Pos,0.42703265
CyCLIP,flickr30k,Txt-Img,Pos,0.40901
CyCLIP,flickr30k,Txt-Img,Pos,0.3894758
CyCLIP,flickr30k,Txt-Img,Pos,0.3995782
CyCLIP,flickr30k,Txt-Img,Pos,0.40685347
CyCLIP,flickr30k,Txt-Img,Pos,0.36464983
CyCLIP,flickr30k,Txt-Img,Pos,0.39628324
CyCLIP,flickr30k,Txt-Img,Pos,0.45095736
CyCLIP,flickr30k,Txt-Img,Pos,0.40296975
CyCLIP,flickr30k,Txt-Img,Pos,0.37073368
CyCLIP,flickr30k,Txt-Img,Pos,0.4369741
CyCLIP,flickr30k,Txt-Img,Pos,0.34521902
CyCLIP,flickr30k,Txt-Img,Pos,0.40662017
CyCLIP,flickr30k,Txt-Img,Pos,0.37037173
CyCLIP,flickr30k,Txt-Img,Pos,0.42153418
CyCLIP,flickr30k,Txt-Img,Pos,0.39671248
CyCLIP,flickr30k,Txt-Img,Pos,0.38852638
CyCLIP,flickr30k,Txt-Img,Pos,0.38597468
CyCLIP,flickr30k,Txt-Img,Pos,0.31288102
CyCLIP,flickr30k,Txt-Img,Pos,0.4388287
CyCLIP,flickr30k,Txt-Img,Pos,0.37420398
CyCLIP,flickr30k,Txt-Img,Pos,0.4243678
CyCLIP,flickr30k,Txt-Img,Pos,0.41683358
CyCLIP,flickr30k,Txt-Img,Pos,0.41733217
CyCLIP,flickr30k,Txt-Img,Pos,0.45063084
CyCLIP,flickr30k,Txt-Img,Pos,0.39260125
CyCLIP,flickr30k,Txt-Img,Pos,0.36114854
CyCLIP,flickr30k,Txt-Img,Pos,0.40953946
CyCLIP,flickr30k,Txt-Img,Pos,0.34622487
CyCLIP,flickr30k,Txt-Img,Pos,0.41715986
CyCLIP,flickr30k,Txt-Img,Pos,0.41873425
CyCLIP,flickr30k,Txt-Img,Pos,0.39924967
CyCLIP,flickr30k,Txt-Img,Pos,0.41280034
CyCLIP,flickr30k,Txt-Img,Pos,0.41775173
CyCLIP,flickr30k,Txt-Img,Pos,0.379228
CyCLIP,flickr30k,Txt-Img,Pos,0.4171403
CyCLIP,flickr30k,Txt-Img,Pos,0.39763823
CyCLIP,flickr30k,Txt-Img,Pos,0.42122126
CyCLIP,flickr30k,Txt-Img,Pos,0.4056366
CyCLIP,flickr30k,Txt-Img,Pos,0.40142527
CyCLIP,flickr30k,Txt-Img,Pos,0.40924138
CyCLIP,flickr30k,Txt-Img,Pos,0.37496123
CyCLIP,flickr30k,Txt-Img,Pos,0.4096703
CyCLIP,flickr30k,Txt-Img,Pos,0.32102284
CyCLIP,flickr30k,Txt-Img,Pos,0.39450264
CyCLIP,flickr30k,Txt-Img,Pos,0.39445943
CyCLIP,flickr30k,Txt-Img,Pos,0.43812197
CyCLIP,flickr30k,Txt-Img,Pos,0.36169532
CyCLIP,flickr30k,Txt-Img,Pos,0.43536988
CyCLIP,flickr30k,Txt-Img,Pos,0.35150063
CyCLIP,flickr30k,Txt-Img,Pos,0.40090707
CyCLIP,flickr30k,Txt-Img,Pos,0.433707
CyCLIP,flickr30k,Txt-Img,Pos,0.43518758
CyCLIP,flickr30k,Txt-Img,Pos,0.3454624
CyCLIP,flickr30k,Txt-Img,Pos,0.36738282
CyCLIP,flickr30k,Txt-Img,Pos,0.37429702
CyCLIP,flickr30k,Txt-Img,Pos,0.39622188
CyCLIP,flickr30k,Txt-Img,Pos,0.37641123
CyCLIP,flickr30k,Txt-Img,Pos,0.3516545
CyCLIP,flickr30k,Txt-Img,Pos,0.32877144
CyCLIP,flickr30k,Txt-Img,Pos,0.3789744
CyCLIP,flickr30k,Txt-Img,Pos,0.40176046
CyCLIP,flickr30k,Txt-Img,Pos,0.4029308
CyCLIP,flickr30k,Txt-Img,Pos,0.4126898
CyCLIP,flickr30k,Txt-Img,Pos,0.39692056
CyCLIP,flickr30k,Txt-Img,Pos,0.39316356
CyCLIP,flickr30k,Txt-Img,Pos,0.45375365
CyCLIP,flickr30k,Txt-Img,Pos,0.4349059
CyCLIP,flickr30k,Txt-Img,Pos,0.42714363
CyCLIP,flickr30k,Txt-Img,Pos,0.42898494
CyCLIP,flickr30k,Txt-Img,Pos,0.32972136
CyCLIP,flickr30k,Txt-Img,Pos,0.42363545
CyCLIP,flickr30k,Txt-Img,Pos,0.45598406
CyCLIP,flickr30k,Txt-Img,Pos,0.39612827
CyCLIP,flickr30k,Txt-Img,Pos,0.43308172
CyCLIP,flickr30k,Txt-Img,Pos,0.42397493
CyCLIP,flickr30k,Txt-Img,Pos,0.40956327
CyCLIP,flickr30k,Txt-Img,Pos,0.3685763
CyCLIP,flickr30k,Txt-Img,Pos,0.40748513
CyCLIP,flickr30k,Txt-Img,Pos,0.40553442
CyCLIP,flickr30k,Txt-Img,Pos,0.36668652
CyCLIP,flickr30k,Txt-Img,Pos,0.41893992
CyCLIP,flickr30k,Txt-Img,Pos,0.35574982
CyCLIP,flickr30k,Txt-Img,Pos,0.42417416
CyCLIP,flickr30k,Txt-Img,Pos,0.38398686
CyCLIP,flickr30k,Txt-Img,Pos,0.4181953
CyCLIP,flickr30k,Txt-Img,Pos,0.40612835
CyCLIP,flickr30k,Txt-Img,Pos,0.44343808
CyCLIP,flickr30k,Txt-Img,Pos,0.43025476
CyCLIP,flickr30k,Txt-Img,Pos,0.31378043
CyCLIP,flickr30k,Txt-Img,Pos,0.4216414
CyCLIP,flickr30k,Txt-Img,Pos,0.374648
CyCLIP,flickr30k,Txt-Img,Pos,0.4196638
CyCLIP,flickr30k,Txt-Img,Pos,0.41754133
CyCLIP,flickr30k,Txt-Img,Pos,0.44193816
CyCLIP,flickr30k,Txt-Img,Pos,0.40113097
CyCLIP,flickr30k,Txt-Img,Pos,0.410227
CyCLIP,flickr30k,Txt-Img,Pos,0.37492067
CyCLIP,flickr30k,Txt-Img,Pos,0.38574982
CyCLIP,flickr30k,Txt-Img,Pos,0.4024769
CyCLIP,flickr30k,Txt-Img,Pos,0.32785055
CyCLIP,flickr30k,Txt-Img,Pos,0.39607775
CyCLIP,flickr30k,Txt-Img,Pos,0.30700472
CyCLIP,flickr30k,Txt-Img,Pos,0.36084893
CyCLIP,flickr30k,Txt-Img,Pos,0.4392718
CyCLIP,flickr30k,Txt-Img,Pos,0.40598172
CyCLIP,flickr30k,Txt-Img,Pos,0.3927759
CyCLIP,flickr30k,Txt-Img,Pos,0.39622158
CyCLIP,flickr30k,Txt-Img,Pos,0.421054
CyCLIP,flickr30k,Txt-Img,Pos,0.40800765
CyCLIP,flickr30k,Txt-Img,Pos,0.42908767
CyCLIP,flickr30k,Txt-Img,Pos,0.36594826
CyCLIP,flickr30k,Txt-Img,Pos,0.42805475
CyCLIP,flickr30k,Txt-Img,Pos,0.41555715
CyCLIP,flickr30k,Txt-Img,Pos,0.40952873
CyCLIP,flickr30k,Txt-Img,Pos,0.4448617
CyCLIP,flickr30k,Txt-Img,Pos,0.39408243
CyCLIP,flickr30k,Txt-Img,Pos,0.45214975
CyCLIP,flickr30k,Txt-Img,Pos,0.34196454
CyCLIP,flickr30k,Txt-Img,Pos,0.38473517
CyCLIP,flickr30k,Txt-Img,Pos,0.37394604
CyCLIP,flickr30k,Txt-Img,Pos,0.3805539
CyCLIP,flickr30k,Txt-Img,Pos,0.38802963
CyCLIP,flickr30k,Txt-Img,Pos,0.3852125
CyCLIP,flickr30k,Txt-Img,Pos,0.3589127
CyCLIP,flickr30k,Txt-Img,Pos,0.4119692
CyCLIP,flickr30k,Txt-Img,Pos,0.37067345
CyCLIP,flickr30k,Txt-Img,Pos,0.37980187
CyCLIP,flickr30k,Txt-Img,Pos,0.416893
CyCLIP,flickr30k,Txt-Img,Pos,0.3876987
CyCLIP,flickr30k,Txt-Img,Pos,0.3477221
CyCLIP,flickr30k,Txt-Img,Pos,0.39164782
CyCLIP,flickr30k,Txt-Txt,Neg,0.76849145
CyCLIP,flickr30k,Txt-Txt,Neg,0.7964212
CyCLIP,flickr30k,Txt-Txt,Neg,0.79061
CyCLIP,flickr30k,Txt-Txt,Neg,0.8341721
CyCLIP,flickr30k,Txt-Txt,Neg,0.84392637
CyCLIP,flickr30k,Txt-Txt,Neg,0.74461365
CyCLIP,flickr30k,Txt-Txt,Neg,0.7741606
CyCLIP,flickr30k,Txt-Txt,Neg,0.7940885
CyCLIP,flickr30k,Txt-Txt,Neg,0.8300927
CyCLIP,flickr30k,Txt-Txt,Neg,0.82189035
CyCLIP,flickr30k,Txt-Txt,Neg,0.80524355
CyCLIP,flickr30k,Txt-Txt,Neg,0.78862655
CyCLIP,flickr30k,Txt-Txt,Neg,0.7943075
CyCLIP,flickr30k,Txt-Txt,Neg,0.80892766
CyCLIP,flickr30k,Txt-Txt,Neg,0.7869004
CyCLIP,flickr30k,Txt-Txt,Neg,0.79246885
CyCLIP,flickr30k,Txt-Txt,Neg,0.8209089
CyCLIP,flickr30k,Txt-Txt,Neg,0.8664384
CyCLIP,flickr30k,Txt-Txt,Neg,0.77748406
CyCLIP,flickr30k,Txt-Txt,Neg,0.79980063
CyCLIP,flickr30k,Txt-Txt,Neg,0.7772734
CyCLIP,flickr30k,Txt-Txt,Neg,0.8085824
CyCLIP,flickr30k,Txt-Txt,Neg,0.7693983
CyCLIP,flickr30k,Txt-Txt,Neg,0.82612574
CyCLIP,flickr30k,Txt-Txt,Neg,0.7881634
CyCLIP,flickr30k,Txt-Txt,Neg,0.78199255
CyCLIP,flickr30k,Txt-Txt,Neg,0.82259667
CyCLIP,flickr30k,Txt-Txt,Neg,0.78943175
CyCLIP,flickr30k,Txt-Txt,Neg,0.793563
CyCLIP,flickr30k,Txt-Txt,Neg,0.8110392
CyCLIP,flickr30k,Txt-Txt,Neg,0.7705121
CyCLIP,flickr30k,Txt-Txt,Neg,0.84579325
CyCLIP,flickr30k,Txt-Txt,Neg,0.7999905
CyCLIP,flickr30k,Txt-Txt,Neg,0.79660034
CyCLIP,flickr30k,Txt-Txt,Neg,0.8098395
CyCLIP,flickr30k,Txt-Txt,Neg,0.7952524
CyCLIP,flickr30k,Txt-Txt,Neg,0.78714305
CyCLIP,flickr30k,Txt-Txt,Neg,0.87577516
CyCLIP,flickr30k,Txt-Txt,Neg,0.8647554
CyCLIP,flickr30k,Txt-Txt,Neg,0.8253203
CyCLIP,flickr30k,Txt-Txt,Neg,0.8069283
CyCLIP,flickr30k,Txt-Txt,Neg,0.84674215
CyCLIP,flickr30k,Txt-Txt,Neg,0.761516
CyCLIP,flickr30k,Txt-Txt,Neg,0.76986754
CyCLIP,flickr30k,Txt-Txt,Neg,0.7854525
CyCLIP,flickr30k,Txt-Txt,Neg,0.7529726
CyCLIP,flickr30k,Txt-Txt,Neg,0.7773462
CyCLIP,flickr30k,Txt-Txt,Neg,0.849516
CyCLIP,flickr30k,Txt-Txt,Neg,0.7984587
CyCLIP,flickr30k,Txt-Txt,Neg,0.80539167
CyCLIP,flickr30k,Txt-Txt,Neg,0.77327603
CyCLIP,flickr30k,Txt-Txt,Neg,0.78553206
CyCLIP,flickr30k,Txt-Txt,Neg,0.7847214
CyCLIP,flickr30k,Txt-Txt,Neg,0.78769356
CyCLIP,flickr30k,Txt-Txt,Neg,0.770087
CyCLIP,flickr30k,Txt-Txt,Neg,0.80670035
CyCLIP,flickr30k,Txt-Txt,Neg,0.76482785
CyCLIP,flickr30k,Txt-Txt,Neg,0.8002134
CyCLIP,flickr30k,Txt-Txt,Neg,0.8052248
CyCLIP,flickr30k,Txt-Txt,Neg,0.7636849
CyCLIP,flickr30k,Txt-Txt,Neg,0.7807459
CyCLIP,flickr30k,Txt-Txt,Neg,0.81706506
CyCLIP,flickr30k,Txt-Txt,Neg,0.7647142
CyCLIP,flickr30k,Txt-Txt,Neg,0.8437072
CyCLIP,flickr30k,Txt-Txt,Neg,0.81522036
CyCLIP,flickr30k,Txt-Txt,Neg,0.8316196
CyCLIP,flickr30k,Txt-Txt,Neg,0.8717007
CyCLIP,flickr30k,Txt-Txt,Neg,0.7914733
CyCLIP,flickr30k,Txt-Txt,Neg,0.800347
CyCLIP,flickr30k,Txt-Txt,Neg,0.773257
CyCLIP,flickr30k,Txt-Txt,Neg,0.81835014
CyCLIP,flickr30k,Txt-Txt,Neg,0.8531635
CyCLIP,flickr30k,Txt-Txt,Neg,0.7736399
CyCLIP,flickr30k,Txt-Txt,Neg,0.78637123
CyCLIP,flickr30k,Txt-Txt,Neg,0.80519617
CyCLIP,flickr30k,Txt-Txt,Neg,0.7786471
CyCLIP,flickr30k,Txt-Txt,Neg,0.7791436
CyCLIP,flickr30k,Txt-Txt,Neg,0.76988363
CyCLIP,flickr30k,Txt-Txt,Neg,0.76950747
CyCLIP,flickr30k,Txt-Txt,Neg,0.7958723
CyCLIP,flickr30k,Txt-Txt,Neg,0.7682445
CyCLIP,flickr30k,Txt-Txt,Neg,0.76346755
CyCLIP,flickr30k,Txt-Txt,Neg,0.77374756
CyCLIP,flickr30k,Txt-Txt,Neg,0.7630249
CyCLIP,flickr30k,Txt-Txt,Neg,0.7745417
CyCLIP,flickr30k,Txt-Txt,Neg,0.75380963
CyCLIP,flickr30k,Txt-Txt,Neg,0.782406
CyCLIP,flickr30k,Txt-Txt,Neg,0.79187816
CyCLIP,flickr30k,Txt-Txt,Neg,0.7903961
CyCLIP,flickr30k,Txt-Txt,Neg,0.8258405
CyCLIP,flickr30k,Txt-Txt,Neg,0.7807764
CyCLIP,flickr30k,Txt-Txt,Neg,0.7968765
CyCLIP,flickr30k,Txt-Txt,Neg,0.86316013
CyCLIP,flickr30k,Txt-Txt,Neg,0.7935781
CyCLIP,flickr30k,Txt-Txt,Neg,0.7703513
CyCLIP,flickr30k,Txt-Txt,Neg,0.8475225
CyCLIP,flickr30k,Txt-Txt,Neg,0.8458861
CyCLIP,flickr30k,Txt-Txt,Neg,0.84554744
CyCLIP,flickr30k,Txt-Txt,Neg,0.7577454
CyCLIP,flickr30k,Txt-Txt,Neg,0.8321899
CyCLIP,flickr30k,Txt-Txt,Neg,0.785891
CyCLIP,flickr30k,Txt-Txt,Neg,0.76534784
CyCLIP,flickr30k,Txt-Txt,Neg,0.7957339
CyCLIP,flickr30k,Txt-Txt,Neg,0.80150485
CyCLIP,flickr30k,Txt-Txt,Neg,0.78995657
CyCLIP,flickr30k,Txt-Txt,Neg,0.7745725
CyCLIP,flickr30k,Txt-Txt,Neg,0.775112
CyCLIP,flickr30k,Txt-Txt,Neg,0.8057807
CyCLIP,flickr30k,Txt-Txt,Neg,0.8188552
CyCLIP,flickr30k,Txt-Txt,Neg,0.7982649
CyCLIP,flickr30k,Txt-Txt,Neg,0.76619995
CyCLIP,flickr30k,Txt-Txt,Neg,0.7885298
CyCLIP,flickr30k,Txt-Txt,Neg,0.8001154
CyCLIP,flickr30k,Txt-Txt,Neg,0.78388244
CyCLIP,flickr30k,Txt-Txt,Neg,0.75435317
CyCLIP,flickr30k,Txt-Txt,Neg,0.83145124
CyCLIP,flickr30k,Txt-Txt,Neg,0.81465745
CyCLIP,flickr30k,Txt-Txt,Neg,0.80322886
CyCLIP,flickr30k,Txt-Txt,Neg,0.7652373
CyCLIP,flickr30k,Txt-Txt,Neg,0.7979377
CyCLIP,flickr30k,Txt-Txt,Neg,0.77826685
CyCLIP,flickr30k,Txt-Txt,Neg,0.8051089
CyCLIP,flickr30k,Txt-Txt,Neg,0.8055091
CyCLIP,flickr30k,Txt-Txt,Neg,0.8333206
CyCLIP,flickr30k,Txt-Txt,Neg,0.76750195
CyCLIP,flickr30k,Txt-Txt,Neg,0.83369654
CyCLIP,flickr30k,Txt-Txt,Neg,0.78547496
CyCLIP,flickr30k,Txt-Txt,Neg,0.84177643
CyCLIP,flickr30k,Txt-Txt,Neg,0.77089256
CyCLIP,flickr30k,Txt-Txt,Neg,0.79722947
CyCLIP,flickr30k,Txt-Txt,Neg,0.7833442
CyCLIP,flickr30k,Txt-Txt,Neg,0.8031013
CyCLIP,flickr30k,Txt-Txt,Neg,0.7776024
CyCLIP,flickr30k,Txt-Txt,Neg,0.78232646
CyCLIP,flickr30k,Txt-Txt,Neg,0.82823086
CyCLIP,flickr30k,Txt-Txt,Neg,0.7720429
CyCLIP,flickr30k,Txt-Txt,Neg,0.77149093
CyCLIP,flickr30k,Txt-Txt,Neg,0.8166683
CyCLIP,flickr30k,Txt-Txt,Neg,0.79822904
CyCLIP,flickr30k,Txt-Txt,Neg,0.7886229
CyCLIP,flickr30k,Txt-Txt,Neg,0.8049097
CyCLIP,flickr30k,Txt-Txt,Neg,0.77944136
CyCLIP,flickr30k,Txt-Txt,Neg,0.7938266
CyCLIP,flickr30k,Txt-Txt,Neg,0.7830732
CyCLIP,flickr30k,Txt-Txt,Neg,0.8128287
CyCLIP,flickr30k,Txt-Txt,Neg,0.82989085
CyCLIP,flickr30k,Txt-Txt,Neg,0.7761569
CyCLIP,flickr30k,Txt-Txt,Neg,0.8177703
CyCLIP,flickr30k,Txt-Txt,Neg,0.7596576
CyCLIP,flickr30k,Txt-Txt,Neg,0.7770376
CyCLIP,flickr30k,Txt-Txt,Neg,0.7761343
CyCLIP,flickr30k,Txt-Txt,Neg,0.8008455
CyCLIP,flickr30k,Txt-Txt,Neg,0.8260018
CyCLIP,flickr30k,Txt-Txt,Neg,0.8483578
CyCLIP,flickr30k,Txt-Txt,Neg,0.80850077
CyCLIP,flickr30k,Txt-Txt,Neg,0.785445
CyCLIP,flickr30k,Txt-Txt,Neg,0.7979558
CyCLIP,flickr30k,Txt-Txt,Neg,0.8080224
CyCLIP,flickr30k,Txt-Txt,Neg,0.782794
CyCLIP,flickr30k,Txt-Txt,Neg,0.7937443
CyCLIP,flickr30k,Txt-Txt,Neg,0.8167543
CyCLIP,flickr30k,Txt-Txt,Neg,0.8206579
CyCLIP,flickr30k,Txt-Txt,Neg,0.82309264
CyCLIP,flickr30k,Txt-Txt,Neg,0.7597587
CyCLIP,flickr30k,Txt-Txt,Neg,0.81143934
CyCLIP,flickr30k,Txt-Txt,Neg,0.7620388
CyCLIP,flickr30k,Txt-Txt,Neg,0.7730455
CyCLIP,flickr30k,Txt-Txt,Neg,0.79121125
CyCLIP,flickr30k,Txt-Txt,Neg,0.75925833
CyCLIP,flickr30k,Txt-Txt,Neg,0.8334645
CyCLIP,flickr30k,Txt-Txt,Neg,0.78864264
CyCLIP,flickr30k,Txt-Txt,Neg,0.8552619
CyCLIP,flickr30k,Txt-Txt,Neg,0.7839401
CyCLIP,flickr30k,Txt-Txt,Neg,0.81976616
CyCLIP,flickr30k,Txt-Txt,Neg,0.80023944
CyCLIP,flickr30k,Txt-Txt,Neg,0.7880017
CyCLIP,flickr30k,Txt-Txt,Neg,0.79316795
CyCLIP,flickr30k,Txt-Txt,Neg,0.78588295
CyCLIP,flickr30k,Txt-Txt,Neg,0.8092475
CyCLIP,flickr30k,Txt-Txt,Neg,0.7627497
CyCLIP,flickr30k,Txt-Txt,Neg,0.8111826
CyCLIP,flickr30k,Txt-Txt,Neg,0.79833525
CyCLIP,flickr30k,Txt-Txt,Neg,0.8506712
CyCLIP,flickr30k,Txt-Txt,Neg,0.8191457
CyCLIP,flickr30k,Txt-Txt,Neg,0.8147485
CyCLIP,flickr30k,Txt-Txt,Neg,0.797814
CyCLIP,flickr30k,Txt-Txt,Neg,0.8091992
CyCLIP,flickr30k,Txt-Txt,Neg,0.81835073
CyCLIP,flickr30k,Txt-Txt,Neg,0.8457981
CyCLIP,flickr30k,Txt-Txt,Neg,0.79366195
CyCLIP,flickr30k,Txt-Txt,Neg,0.80925
CyCLIP,flickr30k,Txt-Txt,Neg,0.80474496
CyCLIP,flickr30k,Txt-Txt,Neg,0.8299612
CyCLIP,flickr30k,Txt-Txt,Neg,0.7709796
CyCLIP,flickr30k,Txt-Txt,Neg,0.794537
CyCLIP,flickr30k,Txt-Txt,Neg,0.8532847
CyCLIP,flickr30k,Txt-Txt,Neg,0.80125284
CyCLIP,flickr30k,Txt-Txt,Neg,0.81464386
CyCLIP,flickr30k,Txt-Txt,Neg,0.823787
CyCLIP,flickr30k,Txt-Txt,Neg,0.80296254
CyCLIP,flickr30k,Txt-Txt,Neg,0.77810067
CyCLIP,flickr30k,Txt-Txt,Neg,0.779669
CyCLIP,flickr30k,Txt-Txt,Neg,0.7839277
CyCLIP,flickr30k,Txt-Txt,Neg,0.7820721
CyCLIP,flickr30k,Txt-Txt,Neg,0.7577698
CyCLIP,flickr30k,Txt-Txt,Neg,0.7768666
CyCLIP,flickr30k,Txt-Txt,Neg,0.80171335
CyCLIP,flickr30k,Txt-Txt,Neg,0.79966646
CyCLIP,flickr30k,Txt-Txt,Neg,0.8460878
CyCLIP,flickr30k,Txt-Txt,Neg,0.81915194
CyCLIP,flickr30k,Txt-Txt,Neg,0.79153174
CyCLIP,flickr30k,Txt-Txt,Neg,0.8114223
CyCLIP,flickr30k,Txt-Txt,Neg,0.77234936
CyCLIP,flickr30k,Txt-Txt,Neg,0.81373733
CyCLIP,flickr30k,Txt-Txt,Neg,0.7995436
CyCLIP,flickr30k,Txt-Txt,Neg,0.9067125
CyCLIP,flickr30k,Txt-Txt,Neg,0.8079874
CyCLIP,flickr30k,Txt-Txt,Neg,0.7865852
CyCLIP,flickr30k,Txt-Txt,Neg,0.7946501
CyCLIP,flickr30k,Txt-Txt,Neg,0.7660417
CyCLIP,flickr30k,Txt-Txt,Neg,0.79380095
CyCLIP,flickr30k,Txt-Txt,Neg,0.8260633
CyCLIP,flickr30k,Txt-Txt,Neg,0.82499546
CyCLIP,flickr30k,Txt-Txt,Neg,0.8148564
CyCLIP,flickr30k,Txt-Txt,Neg,0.8260085
CyCLIP,flickr30k,Txt-Txt,Neg,0.7757499
CyCLIP,flickr30k,Txt-Txt,Neg,0.8275012
CyCLIP,flickr30k,Txt-Txt,Neg,0.8219614
CyCLIP,flickr30k,Txt-Txt,Neg,0.77023745
CyCLIP,flickr30k,Txt-Txt,Neg,0.778119
CyCLIP,flickr30k,Txt-Txt,Neg,0.8285782
CyCLIP,flickr30k,Txt-Txt,Neg,0.8033626
CyCLIP,flickr30k,Txt-Txt,Neg,0.80945146
CyCLIP,flickr30k,Txt-Txt,Neg,0.7975964
CyCLIP,flickr30k,Txt-Txt,Neg,0.8178596
CyCLIP,flickr30k,Txt-Txt,Neg,0.77176946
CyCLIP,flickr30k,Txt-Txt,Neg,0.7732273
CyCLIP,flickr30k,Txt-Txt,Neg,0.80481005
CyCLIP,flickr30k,Txt-Txt,Neg,0.8032386
CyCLIP,flickr30k,Txt-Txt,Neg,0.8181008
CyCLIP,flickr30k,Txt-Txt,Neg,0.8668993
CyCLIP,flickr30k,Txt-Txt,Neg,0.802917
CyCLIP,flickr30k,Txt-Txt,Neg,0.78722274
CyCLIP,flickr30k,Txt-Txt,Neg,0.7791655
CyCLIP,flickr30k,Txt-Txt,Neg,0.8314897
CyCLIP,flickr30k,Txt-Txt,Neg,0.76356757
CyCLIP,flickr30k,Txt-Txt,Neg,0.7705393
CyCLIP,flickr30k,Txt-Txt,Neg,0.75390637
CyCLIP,flickr30k,Txt-Txt,Neg,0.81243366
CyCLIP,flickr30k,Txt-Txt,Neg,0.8164995
CyCLIP,flickr30k,Txt-Txt,Neg,0.812395
CyCLIP,flickr30k,Txt-Txt,Neg,0.8560475
CyCLIP,flickr30k,Img-Img,Neg,0.86506593
CyCLIP,flickr30k,Img-Img,Neg,0.80114496
CyCLIP,flickr30k,Img-Img,Neg,0.7847754
CyCLIP,flickr30k,Img-Img,Neg,0.83748114
CyCLIP,flickr30k,Img-Img,Neg,0.7705449
CyCLIP,flickr30k,Img-Img,Neg,0.891215
CyCLIP,flickr30k,Img-Img,Neg,0.7846704
CyCLIP,flickr30k,Img-Img,Neg,0.8030679
CyCLIP,flickr30k,Img-Img,Neg,0.8100134
CyCLIP,flickr30k,Img-Img,Neg,0.781739
CyCLIP,flickr30k,Img-Img,Neg,0.8570961
CyCLIP,flickr30k,Img-Img,Neg,0.85188216
CyCLIP,flickr30k,Img-Img,Neg,0.77223843
CyCLIP,flickr30k,Img-Img,Neg,0.79717743
CyCLIP,flickr30k,Img-Img,Neg,0.82743347
CyCLIP,flickr30k,Img-Img,Neg,0.785032
CyCLIP,flickr30k,Img-Img,Neg,0.85634625
CyCLIP,flickr30k,Img-Img,Neg,0.79687846
CyCLIP,flickr30k,Img-Img,Neg,0.8002678
CyCLIP,flickr30k,Img-Img,Neg,0.7850071
CyCLIP,flickr30k,Img-Img,Neg,0.8703906
CyCLIP,flickr30k,Img-Img,Neg,0.78880274
CyCLIP,flickr30k,Img-Img,Neg,0.839985
CyCLIP,flickr30k,Img-Img,Neg,0.7874895
CyCLIP,flickr30k,Img-Img,Neg,0.8148788
CyCLIP,flickr30k,Img-Img,Neg,0.81907105
CyCLIP,flickr30k,Img-Img,Neg,0.80792725
CyCLIP,flickr30k,Img-Img,Neg,0.82879484
CyCLIP,flickr30k,Img-Img,Neg,0.7748411
CyCLIP,flickr30k,Img-Img,Neg,0.8195561
CyCLIP,flickr30k,Img-Img,Neg,0.80887926
CyCLIP,flickr30k,Img-Img,Neg,0.78465855
CyCLIP,flickr30k,Img-Img,Neg,0.80729663
CyCLIP,flickr30k,Img-Img,Neg,0.81365186
CyCLIP,flickr30k,Img-Img,Neg,0.8010181
CyCLIP,flickr30k,Img-Img,Neg,0.8294358
CyCLIP,flickr30k,Img-Img,Neg,0.76807487
CyCLIP,flickr30k,Img-Img,Neg,0.772018
CyCLIP,flickr30k,Img-Img,Neg,0.7988192
CyCLIP,flickr30k,Img-Img,Neg,0.8140502
CyCLIP,flickr30k,Img-Img,Neg,0.78745025
CyCLIP,flickr30k,Img-Img,Neg,0.79864573
CyCLIP,flickr30k,Img-Img,Neg,0.8231578
CyCLIP,flickr30k,Img-Img,Neg,0.80181634
CyCLIP,flickr30k,Img-Img,Neg,0.8194883
CyCLIP,flickr30k,Img-Img,Neg,0.7892998
CyCLIP,flickr30k,Img-Img,Neg,0.7925876
CyCLIP,flickr30k,Img-Img,Neg,0.8472841
CyCLIP,flickr30k,Img-Img,Neg,0.8023623
CyCLIP,flickr30k,Img-Img,Neg,0.8390049
CyCLIP,flickr30k,Img-Img,Neg,0.8010331
CyCLIP,flickr30k,Img-Img,Neg,0.77424115
CyCLIP,flickr30k,Img-Img,Neg,0.85594547
CyCLIP,flickr30k,Img-Img,Neg,0.78719693
CyCLIP,flickr30k,Img-Img,Neg,0.7906721
CyCLIP,flickr30k,Img-Img,Neg,0.7717279
CyCLIP,flickr30k,Img-Img,Neg,0.78382134
CyCLIP,flickr30k,Img-Img,Neg,0.80210364
CyCLIP,flickr30k,Img-Img,Neg,0.81975484
CyCLIP,flickr30k,Img-Img,Neg,0.8230556
CyCLIP,flickr30k,Img-Img,Neg,0.81351393
CyCLIP,flickr30k,Img-Img,Neg,0.8716748
CyCLIP,flickr30k,Img-Img,Neg,0.8284022
CyCLIP,flickr30k,Img-Img,Neg,0.8101373
CyCLIP,flickr30k,Img-Img,Neg,0.79401183
CyCLIP,flickr30k,Img-Img,Neg,0.8063512
CyCLIP,flickr30k,Img-Img,Neg,0.8668713
CyCLIP,flickr30k,Img-Img,Neg,0.82946575
CyCLIP,flickr30k,Img-Img,Neg,0.8300226
CyCLIP,flickr30k,Img-Img,Neg,0.8565411
CyCLIP,flickr30k,Img-Img,Neg,0.7950864
CyCLIP,flickr30k,Img-Img,Neg,0.8162784
CyCLIP,flickr30k,Img-Img,Neg,0.8290609
CyCLIP,flickr30k,Img-Img,Neg,0.9059581
CyCLIP,flickr30k,Img-Img,Neg,0.80554354
CyCLIP,flickr30k,Img-Img,Neg,0.81249905
CyCLIP,flickr30k,Img-Img,Neg,0.8076506
CyCLIP,flickr30k,Img-Img,Neg,0.8058665
CyCLIP,flickr30k,Img-Img,Neg,0.8214838
CyCLIP,flickr30k,Img-Img,Neg,0.7901287
CyCLIP,flickr30k,Img-Img,Neg,0.7967148
CyCLIP,flickr30k,Img-Img,Neg,0.81017053
CyCLIP,flickr30k,Img-Img,Neg,0.8529677
CyCLIP,flickr30k,Img-Img,Neg,0.79366237
CyCLIP,flickr30k,Img-Img,Neg,0.79200166
CyCLIP,flickr30k,Img-Img,Neg,0.7913036
CyCLIP,flickr30k,Img-Img,Neg,0.7484082
CyCLIP,flickr30k,Img-Img,Neg,0.83766866
CyCLIP,flickr30k,Img-Img,Neg,0.8201508
CyCLIP,flickr30k,Img-Img,Neg,0.78569615
CyCLIP,flickr30k,Img-Img,Neg,0.8015543
CyCLIP,flickr30k,Img-Img,Neg,0.7808989
CyCLIP,flickr30k,Img-Img,Neg,0.78181475
CyCLIP,flickr30k,Img-Img,Neg,0.8340569
CyCLIP,flickr30k,Img-Img,Neg,0.8234942
CyCLIP,flickr30k,Img-Img,Neg,0.8410691
CyCLIP,flickr30k,Img-Img,Neg,0.826086
CyCLIP,flickr30k,Img-Img,Neg,0.8182086
CyCLIP,flickr30k,Img-Img,Neg,0.82636994
CyCLIP,flickr30k,Img-Img,Neg,0.81371987
CyCLIP,flickr30k,Img-Img,Neg,0.83210623
CyCLIP,flickr30k,Img-Img,Neg,0.8296061
CyCLIP,flickr30k,Img-Img,Neg,0.7853323
CyCLIP,flickr30k,Img-Img,Neg,0.8110032
CyCLIP,flickr30k,Img-Img,Neg,0.79872054
CyCLIP,flickr30k,Img-Img,Neg,0.7910948
CyCLIP,flickr30k,Img-Img,Neg,0.9179332
CyCLIP,flickr30k,Img-Img,Neg,0.78779256
CyCLIP,flickr30k,Img-Img,Neg,0.7874816
CyCLIP,flickr30k,Img-Img,Neg,0.80184203
CyCLIP,flickr30k,Img-Img,Neg,0.80015707
CyCLIP,flickr30k,Img-Img,Neg,0.8493286
CyCLIP,flickr30k,Img-Img,Neg,0.775436
CyCLIP,flickr30k,Img-Img,Neg,0.79871374
CyCLIP,flickr30k,Img-Img,Neg,0.79142773
CyCLIP,flickr30k,Img-Img,Neg,0.8014721
CyCLIP,flickr30k,Img-Img,Neg,0.82304585
CyCLIP,flickr30k,Img-Img,Neg,0.7451792
CyCLIP,flickr30k,Img-Img,Neg,0.83734524
CyCLIP,flickr30k,Img-Img,Neg,0.80577624
CyCLIP,flickr30k,Img-Img,Neg,0.83688587
CyCLIP,flickr30k,Img-Img,Neg,0.772233
CyCLIP,flickr30k,Img-Img,Neg,0.79742724
CyCLIP,flickr30k,Img-Img,Neg,0.8032887
CyCLIP,flickr30k,Img-Img,Neg,0.79350626
CyCLIP,flickr30k,Img-Img,Neg,0.8217809
CyCLIP,flickr30k,Img-Img,Neg,0.7855468
CyCLIP,flickr30k,Img-Img,Neg,0.8251781
CyCLIP,flickr30k,Img-Img,Neg,0.79320896
CyCLIP,flickr30k,Img-Img,Neg,0.7544273
CyCLIP,flickr30k,Img-Img,Neg,0.7944819
CyCLIP,flickr30k,Img-Img,Neg,0.82114476
CyCLIP,flickr30k,Img-Img,Neg,0.81467986
CyCLIP,flickr30k,Img-Img,Neg,0.7834417
CyCLIP,flickr30k,Img-Img,Neg,0.7916745
CyCLIP,flickr30k,Img-Img,Neg,0.7938127
CyCLIP,flickr30k,Img-Img,Neg,0.82208323
CyCLIP,flickr30k,Img-Img,Neg,0.7974526
CyCLIP,flickr30k,Img-Img,Neg,0.7736813
CyCLIP,flickr30k,Img-Img,Neg,0.83421946
CyCLIP,flickr30k,Img-Img,Neg,0.775224
CyCLIP,flickr30k,Img-Img,Neg,0.8246394
CyCLIP,flickr30k,Img-Img,Neg,0.8086436
CyCLIP,flickr30k,Img-Img,Neg,0.74471307
CyCLIP,flickr30k,Img-Img,Neg,0.81517583
CyCLIP,flickr30k,Img-Img,Neg,0.8059635
CyCLIP,flickr30k,Img-Img,Neg,0.8229507
CyCLIP,flickr30k,Img-Img,Neg,0.80662775
CyCLIP,flickr30k,Img-Img,Neg,0.7838203
CyCLIP,flickr30k,Img-Img,Neg,0.8145101
CyCLIP,flickr30k,Img-Img,Neg,0.7912973
CyCLIP,flickr30k,Img-Img,Neg,0.8703798
CyCLIP,flickr30k,Img-Img,Neg,0.8056772
CyCLIP,flickr30k,Img-Img,Neg,0.81291103
CyCLIP,flickr30k,Img-Img,Neg,0.85738057
CyCLIP,flickr30k,Img-Img,Neg,0.817548
CyCLIP,flickr30k,Img-Img,Neg,0.8368149
CyCLIP,flickr30k,Img-Img,Neg,0.7675041
CyCLIP,flickr30k,Img-Img,Neg,0.8057345
CyCLIP,flickr30k,Img-Img,Neg,0.8190863
CyCLIP,flickr30k,Img-Img,Neg,0.7859131
CyCLIP,flickr30k,Img-Img,Neg,0.78705376
CyCLIP,flickr30k,Img-Img,Neg,0.8669698
CyCLIP,flickr30k,Img-Img,Neg,0.79379684
CyCLIP,flickr30k,Img-Img,Neg,0.79655194
CyCLIP,flickr30k,Img-Img,Neg,0.79317725
CyCLIP,flickr30k,Img-Img,Neg,0.84759605
CyCLIP,flickr30k,Img-Img,Neg,0.812306
CyCLIP,flickr30k,Img-Img,Neg,0.8061499
CyCLIP,flickr30k,Img-Img,Neg,0.80759853
CyCLIP,flickr30k,Img-Img,Neg,0.8015911
CyCLIP,flickr30k,Img-Img,Neg,0.7944315
CyCLIP,flickr30k,Img-Img,Neg,0.81305736
CyCLIP,flickr30k,Img-Img,Neg,0.8111542
CyCLIP,flickr30k,Img-Img,Neg,0.7918086
CyCLIP,flickr30k,Img-Img,Neg,0.78867936
CyCLIP,flickr30k,Img-Img,Neg,0.78813463
CyCLIP,flickr30k,Img-Img,Neg,0.7558794
CyCLIP,flickr30k,Img-Img,Neg,0.80456203
CyCLIP,flickr30k,Img-Img,Neg,0.77801913
CyCLIP,flickr30k,Img-Img,Neg,0.7943731
CyCLIP,flickr30k,Img-Img,Neg,0.78814435
CyCLIP,flickr30k,Img-Img,Neg,0.8437756
CyCLIP,flickr30k,Img-Img,Neg,0.84258306
CyCLIP,flickr30k,Img-Img,Neg,0.82741493
CyCLIP,flickr30k,Img-Img,Neg,0.83508444
CyCLIP,flickr30k,Img-Img,Neg,0.79975843
CyCLIP,flickr30k,Img-Img,Neg,0.8334553
CyCLIP,flickr30k,Img-Img,Neg,0.80404735
CyCLIP,flickr30k,Img-Img,Neg,0.7858029
CyCLIP,flickr30k,Img-Img,Neg,0.7786339
CyCLIP,flickr30k,Img-Img,Neg,0.7857156
CyCLIP,flickr30k,Img-Img,Neg,0.7714933
CyCLIP,flickr30k,Img-Img,Neg,0.8110355
CyCLIP,flickr30k,Img-Img,Neg,0.78623873
CyCLIP,flickr30k,Img-Img,Neg,0.7886354
CyCLIP,flickr30k,Img-Img,Neg,0.8081647
CyCLIP,flickr30k,Img-Img,Neg,0.76555455
CyCLIP,flickr30k,Img-Img,Neg,0.78099155
CyCLIP,flickr30k,Img-Img,Neg,0.8172349
CyCLIP,flickr30k,Img-Img,Neg,0.798717
CyCLIP,flickr30k,Img-Img,Neg,0.8312491
CyCLIP,flickr30k,Img-Img,Neg,0.8402784
CyCLIP,flickr30k,Img-Img,Neg,0.79248977
CyCLIP,flickr30k,Img-Img,Neg,0.85412496
CyCLIP,flickr30k,Img-Img,Neg,0.8096186
CyCLIP,flickr30k,Img-Img,Neg,0.7944197
CyCLIP,flickr30k,Img-Img,Neg,0.7674199
CyCLIP,flickr30k,Img-Img,Neg,0.7719507
CyCLIP,flickr30k,Img-Img,Neg,0.7855922
CyCLIP,flickr30k,Img-Img,Neg,0.79781556
CyCLIP,flickr30k,Img-Img,Neg,0.7788411
CyCLIP,flickr30k,Img-Img,Neg,0.81044257
CyCLIP,flickr30k,Img-Img,Neg,0.82886875
CyCLIP,flickr30k,Img-Img,Neg,0.7741792
CyCLIP,flickr30k,Img-Img,Neg,0.8597261
CyCLIP,flickr30k,Img-Img,Neg,0.83282787
CyCLIP,flickr30k,Img-Img,Neg,0.7807275
CyCLIP,flickr30k,Img-Img,Neg,0.83451307
CyCLIP,flickr30k,Img-Img,Neg,0.8195873
CyCLIP,flickr30k,Img-Img,Neg,0.88699985
CyCLIP,flickr30k,Img-Img,Neg,0.795732
CyCLIP,flickr30k,Img-Img,Neg,0.79348695
CyCLIP,flickr30k,Img-Img,Neg,0.7851229
CyCLIP,flickr30k,Img-Img,Neg,0.80028236
CyCLIP,flickr30k,Img-Img,Neg,0.8111062
CyCLIP,flickr30k,Img-Img,Neg,0.795093
CyCLIP,flickr30k,Img-Img,Neg,0.8027706
CyCLIP,flickr30k,Img-Img,Neg,0.7763245
CyCLIP,flickr30k,Img-Img,Neg,0.78145266
CyCLIP,flickr30k,Img-Img,Neg,0.7672965
CyCLIP,flickr30k,Img-Img,Neg,0.7792678
CyCLIP,flickr30k,Img-Img,Neg,0.78773016
CyCLIP,flickr30k,Img-Img,Neg,0.8994149
CyCLIP,flickr30k,Img-Img,Neg,0.82213074
CyCLIP,flickr30k,Img-Img,Neg,0.78784627
CyCLIP,flickr30k,Img-Img,Neg,0.8748216
CyCLIP,flickr30k,Img-Img,Neg,0.7931845
CyCLIP,flickr30k,Img-Img,Neg,0.77830446
CyCLIP,flickr30k,Img-Img,Neg,0.8122948
CyCLIP,flickr30k,Img-Img,Neg,0.86196977
CyCLIP,flickr30k,Img-Img,Neg,0.7624486
CyCLIP,flickr30k,Img-Img,Neg,0.8296881
CyCLIP,flickr30k,Img-Img,Neg,0.7968536
CyCLIP,flickr30k,Img-Img,Neg,0.88690114
CyCLIP,flickr30k,Img-Img,Neg,0.78476185
CyCLIP,flickr30k,Img-Img,Neg,0.8106989
CyCLIP,flickr30k,Img-Img,Neg,0.7836131
CyCLIP,flickr30k,Img-Img,Neg,0.8398209
CyCLIP,flickr30k,Img-Img,Neg,0.8334754
CyCLIP,flickr30k,Img-Img,Neg,0.871207
CyCLIP,flickr30k,Img-Img,Neg,0.81249976
CyCLIP,flickr30k,Txt-Img,Neg,0.27946016
CyCLIP,flickr30k,Txt-Img,Neg,0.27721292
CyCLIP,flickr30k,Txt-Img,Neg,0.28809708
CyCLIP,flickr30k,Txt-Img,Neg,0.30983004
CyCLIP,flickr30k,Txt-Img,Neg,0.29326665
CyCLIP,flickr30k,Txt-Img,Neg,0.28911838
CyCLIP,flickr30k,Txt-Img,Neg,0.29907942
CyCLIP,flickr30k,Txt-Img,Neg,0.3469187
CyCLIP,flickr30k,Txt-Img,Neg,0.30595106
CyCLIP,flickr30k,Txt-Img,Neg,0.29441628
CyCLIP,flickr30k,Txt-Img,Neg,0.27132502
CyCLIP,flickr30k,Txt-Img,Neg,0.30808404
CyCLIP,flickr30k,Txt-Img,Neg,0.27959123
CyCLIP,flickr30k,Txt-Img,Neg,0.34979218
CyCLIP,flickr30k,Txt-Img,Neg,0.2645549
CyCLIP,flickr30k,Txt-Img,Neg,0.35826376
CyCLIP,flickr30k,Txt-Img,Neg,0.33593968
CyCLIP,flickr30k,Txt-Img,Neg,0.30505267
CyCLIP,flickr30k,Txt-Img,Neg,0.32191822
CyCLIP,flickr30k,Txt-Img,Neg,0.2754426
CyCLIP,flickr30k,Txt-Img,Neg,0.30185616
CyCLIP,flickr30k,Txt-Img,Neg,0.29080886
CyCLIP,flickr30k,Txt-Img,Neg,0.2977362
CyCLIP,flickr30k,Txt-Img,Neg,0.27880472
CyCLIP,flickr30k,Txt-Img,Neg,0.33688968
CyCLIP,flickr30k,Txt-Img,Neg,0.35158956
CyCLIP,flickr30k,Txt-Img,Neg,0.32014638
CyCLIP,flickr30k,Txt-Img,Neg,0.3254486
CyCLIP,flickr30k,Txt-Img,Neg,0.3023274
CyCLIP,flickr30k,Txt-Img,Neg,0.29949766
CyCLIP,flickr30k,Txt-Img,Neg,0.36170948
CyCLIP,flickr30k,Txt-Img,Neg,0.2837235
CyCLIP,flickr30k,Txt-Img,Neg,0.28293952
CyCLIP,flickr30k,Txt-Img,Neg,0.29120982
CyCLIP,flickr30k,Txt-Img,Neg,0.29300684
CyCLIP,flickr30k,Txt-Img,Neg,0.3401232
CyCLIP,flickr30k,Txt-Img,Neg,0.4267277
CyCLIP,flickr30k,Txt-Img,Neg,0.292563
CyCLIP,flickr30k,Txt-Img,Neg,0.32231238
CyCLIP,flickr30k,Txt-Img,Neg,0.30968484
CyCLIP,flickr30k,Txt-Img,Neg,0.32531506
CyCLIP,flickr30k,Txt-Img,Neg,0.30979472
CyCLIP,flickr30k,Txt-Img,Neg,0.27158254
CyCLIP,flickr30k,Txt-Img,Neg,0.29307956
CyCLIP,flickr30k,Txt-Img,Neg,0.31603646
CyCLIP,flickr30k,Txt-Img,Neg,0.2944944
CyCLIP,flickr30k,Txt-Img,Neg,0.3141145
CyCLIP,flickr30k,Txt-Img,Neg,0.2879668
CyCLIP,flickr30k,Txt-Img,Neg,0.291528
CyCLIP,flickr30k,Txt-Img,Neg,0.30091423
CyCLIP,flickr30k,Txt-Img,Neg,0.27813944
CyCLIP,flickr30k,Txt-Img,Neg,0.2948291
CyCLIP,flickr30k,Txt-Img,Neg,0.30080312
CyCLIP,flickr30k,Txt-Img,Neg,0.28318003
CyCLIP,flickr30k,Txt-Img,Neg,0.3056776
CyCLIP,flickr30k,Txt-Img,Neg,0.26500618
CyCLIP,flickr30k,Txt-Img,Neg,0.32939595
CyCLIP,flickr30k,Txt-Img,Neg,0.27756807
CyCLIP,flickr30k,Txt-Img,Neg,0.34967625
CyCLIP,flickr30k,Txt-Img,Neg,0.2976156
CyCLIP,flickr30k,Txt-Img,Neg,0.2970162
CyCLIP,flickr30k,Txt-Img,Neg,0.31268764
CyCLIP,flickr30k,Txt-Img,Neg,0.2902984
CyCLIP,flickr30k,Txt-Img,Neg,0.28967035
CyCLIP,flickr30k,Txt-Img,Neg,0.2911592
CyCLIP,flickr30k,Txt-Img,Neg,0.30200595
CyCLIP,flickr30k,Txt-Img,Neg,0.31185183
CyCLIP,flickr30k,Txt-Img,Neg,0.2753865
CyCLIP,flickr30k,Txt-Img,Neg,0.30352443
CyCLIP,flickr30k,Txt-Img,Neg,0.29678765
CyCLIP,flickr30k,Txt-Img,Neg,0.29224527
CyCLIP,flickr30k,Txt-Img,Neg,0.3070181
CyCLIP,flickr30k,Txt-Img,Neg,0.30143538
CyCLIP,flickr30k,Txt-Img,Neg,0.28082925
CyCLIP,flickr30k,Txt-Img,Neg,0.29231268
CyCLIP,flickr30k,Txt-Img,Neg,0.28627434
CyCLIP,flickr30k,Txt-Img,Neg,0.31633106
CyCLIP,flickr30k,Txt-Img,Neg,0.2921563
CyCLIP,flickr30k,Txt-Img,Neg,0.29486537
CyCLIP,flickr30k,Txt-Img,Neg,0.30867308
CyCLIP,flickr30k,Txt-Img,Neg,0.2812336
CyCLIP,flickr30k,Txt-Img,Neg,0.333322
CyCLIP,flickr30k,Txt-Img,Neg,0.33482462
CyCLIP,flickr30k,Txt-Img,Neg,0.31892294
CyCLIP,flickr30k,Txt-Img,Neg,0.3302034
CyCLIP,flickr30k,Txt-Img,Neg,0.32233593
CyCLIP,flickr30k,Txt-Img,Neg,0.27005085
CyCLIP,flickr30k,Txt-Img,Neg,0.27136838
CyCLIP,flickr30k,Txt-Img,Neg,0.2936611
CyCLIP,flickr30k,Txt-Img,Neg,0.34711182
CyCLIP,flickr30k,Txt-Img,Neg,0.25676423
CyCLIP,flickr30k,Txt-Img,Neg,0.28302166
CyCLIP,flickr30k,Txt-Img,Neg,0.26794618
CyCLIP,flickr30k,Txt-Img,Neg,0.28583604
CyCLIP,flickr30k,Txt-Img,Neg,0.3291536
CyCLIP,flickr30k,Txt-Img,Neg,0.30399084
CyCLIP,flickr30k,Txt-Img,Neg,0.3138638
CyCLIP,flickr30k,Txt-Img,Neg,0.29302227
CyCLIP,flickr30k,Txt-Img,Neg,0.29780692
CyCLIP,flickr30k,Txt-Img,Neg,0.3052223
CyCLIP,flickr30k,Txt-Img,Neg,0.29865873
CyCLIP,flickr30k,Txt-Img,Neg,0.29269046
CyCLIP,flickr30k,Txt-Img,Neg,0.28017566
CyCLIP,flickr30k,Txt-Img,Neg,0.28355727
CyCLIP,flickr30k,Txt-Img,Neg,0.31098777
CyCLIP,flickr30k,Txt-Img,Neg,0.29989773
CyCLIP,flickr30k,Txt-Img,Neg,0.34019312
CyCLIP,flickr30k,Txt-Img,Neg,0.35485134
CyCLIP,flickr30k,Txt-Img,Neg,0.3077702
CyCLIP,flickr30k,Txt-Img,Neg,0.3272483
CyCLIP,flickr30k,Txt-Img,Neg,0.29598984
CyCLIP,flickr30k,Txt-Img,Neg,0.28168994
CyCLIP,flickr30k,Txt-Img,Neg,0.26999837
CyCLIP,flickr30k,Txt-Img,Neg,0.288235
CyCLIP,flickr30k,Txt-Img,Neg,0.28327996
CyCLIP,flickr30k,Txt-Img,Neg,0.31745154
CyCLIP,flickr30k,Txt-Img,Neg,0.36943656
CyCLIP,flickr30k,Txt-Img,Neg,0.3479921
CyCLIP,flickr30k,Txt-Img,Neg,0.30118367
CyCLIP,flickr30k,Txt-Img,Neg,0.33150515
CyCLIP,flickr30k,Txt-Img,Neg,0.31206676
CyCLIP,flickr30k,Txt-Img,Neg,0.31670785
CyCLIP,flickr30k,Txt-Img,Neg,0.2987629
CyCLIP,flickr30k,Txt-Img,Neg,0.28284502
CyCLIP,flickr30k,Txt-Img,Neg,0.30139846
CyCLIP,flickr30k,Txt-Img,Neg,0.30764273
CyCLIP,flickr30k,Txt-Img,Neg,0.37774307
CyCLIP,flickr30k,Txt-Img,Neg,0.30275232
CyCLIP,flickr30k,Txt-Img,Neg,0.30737147
CyCLIP,flickr30k,Txt-Img,Neg,0.3556097
CyCLIP,flickr30k,Txt-Img,Neg,0.3380937
CyCLIP,flickr30k,Txt-Img,Neg,0.33849013
CyCLIP,flickr30k,Txt-Img,Neg,0.29289883
CyCLIP,flickr30k,Txt-Img,Neg,0.2931502
CyCLIP,flickr30k,Txt-Img,Neg,0.2932434
CyCLIP,flickr30k,Txt-Img,Neg,0.30374375
CyCLIP,flickr30k,Txt-Img,Neg,0.28236014
CyCLIP,flickr30k,Txt-Img,Neg,0.29306224
CyCLIP,flickr30k,Txt-Img,Neg,0.29644284
CyCLIP,flickr30k,Txt-Img,Neg,0.2854095
CyCLIP,flickr30k,Txt-Img,Neg,0.2636477
CyCLIP,flickr30k,Txt-Img,Neg,0.26947063
CyCLIP,flickr30k,Txt-Img,Neg,0.29189852
CyCLIP,flickr30k,Txt-Img,Neg,0.28950173
CyCLIP,flickr30k,Txt-Img,Neg,0.2923253
CyCLIP,flickr30k,Txt-Img,Neg,0.32901365
CyCLIP,flickr30k,Txt-Img,Neg,0.29349014
CyCLIP,flickr30k,Txt-Img,Neg,0.2899896
CyCLIP,flickr30k,Txt-Img,Neg,0.27885997
CyCLIP,flickr30k,Txt-Img,Neg,0.31238216
CyCLIP,flickr30k,Txt-Img,Neg,0.2909915
CyCLIP,flickr30k,Txt-Img,Neg,0.2803985
CyCLIP,flickr30k,Txt-Img,Neg,0.2762748
CyCLIP,flickr30k,Txt-Img,Neg,0.29590195
CyCLIP,flickr30k,Txt-Img,Neg,0.2921256
CyCLIP,flickr30k,Txt-Img,Neg,0.2892294
CyCLIP,flickr30k,Txt-Img,Neg,0.29726774
CyCLIP,flickr30k,Txt-Img,Neg,0.3174836
CyCLIP,flickr30k,Txt-Img,Neg,0.34443527
CyCLIP,flickr30k,Txt-Img,Neg,0.2776001
CyCLIP,flickr30k,Txt-Img,Neg,0.2802995
CyCLIP,flickr30k,Txt-Img,Neg,0.30586818
CyCLIP,flickr30k,Txt-Img,Neg,0.32580268
CyCLIP,flickr30k,Txt-Img,Neg,0.28897354
CyCLIP,flickr30k,Txt-Img,Neg,0.306233
CyCLIP,flickr30k,Txt-Img,Neg,0.29389548
CyCLIP,flickr30k,Txt-Img,Neg,0.27780178
CyCLIP,flickr30k,Txt-Img,Neg,0.29807913
CyCLIP,flickr30k,Txt-Img,Neg,0.33119103
CyCLIP,flickr30k,Txt-Img,Neg,0.3368566
CyCLIP,flickr30k,Txt-Img,Neg,0.2907276
CyCLIP,flickr30k,Txt-Img,Neg,0.2856812
CyCLIP,flickr30k,Txt-Img,Neg,0.31212768
CyCLIP,flickr30k,Txt-Img,Neg,0.34477663
CyCLIP,flickr30k,Txt-Img,Neg,0.26734975
CyCLIP,flickr30k,Txt-Img,Neg,0.28594458
CyCLIP,flickr30k,Txt-Img,Neg,0.28294578
CyCLIP,flickr30k,Txt-Img,Neg,0.2914635
CyCLIP,flickr30k,Txt-Img,Neg,0.3174773
CyCLIP,flickr30k,Txt-Img,Neg,0.3131503
CyCLIP,flickr30k,Txt-Img,Neg,0.30833542
CyCLIP,flickr30k,Txt-Img,Neg,0.29255235
CyCLIP,flickr30k,Txt-Img,Neg,0.3227979
CyCLIP,flickr30k,Txt-Img,Neg,0.31137127
CyCLIP,flickr30k,Txt-Img,Neg,0.2685548
CyCLIP,flickr30k,Txt-Img,Neg,0.33691454
CyCLIP,flickr30k,Txt-Img,Neg,0.31213972
CyCLIP,flickr30k,Txt-Img,Neg,0.2839322
CyCLIP,flickr30k,Txt-Img,Neg,0.33696404
CyCLIP,flickr30k,Txt-Img,Neg,0.27051333
CyCLIP,flickr30k,Txt-Img,Neg,0.2969881
CyCLIP,flickr30k,Txt-Img,Neg,0.2660184
CyCLIP,flickr30k,Txt-Img,Neg,0.30657187
CyCLIP,flickr30k,Txt-Img,Neg,0.32407337
CyCLIP,flickr30k,Txt-Img,Neg,0.29728463
CyCLIP,flickr30k,Txt-Img,Neg,0.31912482
CyCLIP,flickr30k,Txt-Img,Neg,0.32269996
CyCLIP,flickr30k,Txt-Img,Neg,0.32817012
CyCLIP,flickr30k,Txt-Img,Neg,0.33204836
CyCLIP,flickr30k,Txt-Img,Neg,0.29433697
CyCLIP,flickr30k,Txt-Img,Neg,0.30927753
CyCLIP,flickr30k,Txt-Img,Neg,0.32728988
CyCLIP,flickr30k,Txt-Img,Neg,0.31505808
CyCLIP,flickr30k,Txt-Img,Neg,0.33453465
CyCLIP,flickr30k,Txt-Img,Neg,0.3048244
CyCLIP,flickr30k,Txt-Img,Neg,0.28224042
CyCLIP,flickr30k,Txt-Img,Neg,0.29465175
CyCLIP,flickr30k,Txt-Img,Neg,0.36257553
CyCLIP,flickr30k,Txt-Img,Neg,0.2975605
CyCLIP,flickr30k,Txt-Img,Neg,0.2987495
CyCLIP,flickr30k,Txt-Img,Neg,0.2880187
CyCLIP,flickr30k,Txt-Img,Neg,0.29735693
CyCLIP,flickr30k,Txt-Img,Neg,0.2779802
CyCLIP,flickr30k,Txt-Img,Neg,0.26586735
CyCLIP,flickr30k,Txt-Img,Neg,0.33166483
CyCLIP,flickr30k,Txt-Img,Neg,0.30208996
CyCLIP,flickr30k,Txt-Img,Neg,0.3000382
CyCLIP,flickr30k,Txt-Img,Neg,0.27147806
CyCLIP,flickr30k,Txt-Img,Neg,0.29315722
CyCLIP,flickr30k,Txt-Img,Neg,0.34296304
CyCLIP,flickr30k,Txt-Img,Neg,0.31864083
CyCLIP,flickr30k,Txt-Img,Neg,0.30297607
CyCLIP,flickr30k,Txt-Img,Neg,0.32107523
CyCLIP,flickr30k,Txt-Img,Neg,0.27488947
CyCLIP,flickr30k,Txt-Img,Neg,0.29096663
CyCLIP,flickr30k,Txt-Img,Neg,0.31800696
CyCLIP,flickr30k,Txt-Img,Neg,0.34263355
CyCLIP,flickr30k,Txt-Img,Neg,0.30678058
CyCLIP,flickr30k,Txt-Img,Neg,0.31937388
CyCLIP,flickr30k,Txt-Img,Neg,0.29738396
CyCLIP,flickr30k,Txt-Img,Neg,0.2788948
CyCLIP,flickr30k,Txt-Img,Neg,0.28677136
CyCLIP,flickr30k,Txt-Img,Neg,0.2918533
CyCLIP,flickr30k,Txt-Img,Neg,0.29398596
CyCLIP,flickr30k,Txt-Img,Neg,0.2644657
CyCLIP,flickr30k,Txt-Img,Neg,0.30547056
CyCLIP,flickr30k,Txt-Img,Neg,0.31550685
CyCLIP,flickr30k,Txt-Img,Neg,0.26000437
CyCLIP,flickr30k,Txt-Img,Neg,0.30650508
CyCLIP,flickr30k,Txt-Img,Neg,0.26687545
CyCLIP,flickr30k,Txt-Img,Neg,0.31311405
CyCLIP,flickr30k,Txt-Img,Neg,0.3657936
CyCLIP,flickr30k,Txt-Img,Neg,0.3172767
CyCLIP,flickr30k,Txt-Img,Neg,0.27043584
CyCLIP,flickr30k,Txt-Img,Neg,0.3003503
CyCLIP,flickr30k,Txt-Img,Neg,0.28162637
CyCLIP,flickr30k,Txt-Img,Neg,0.30355474
CyCLIP,flickr30k,Txt-Img,Neg,0.31189921
CyCLIP,flickr30k,Txt-Img,Neg,0.30487466
CyCLIP,flickr30k,Txt-Img,Neg,0.28578883
CyCLIP,flickr30k,Txt-Img,Neg,0.31304836
CyCLIP,flickr30k,Txt-Img,Neg,0.27150467
