Model,Dataset,x,y,modality,category
FLAVA,mscoco,-1.94,26.49,image,broccoli
FLAVA,mscoco,-4.58,26.60,image,broccoli
FLAVA,mscoco,-5.21,25.48,image,broccoli
FLAVA,mscoco,-5.28,25.27,image,broccoli
FLAVA,mscoco,-4.71,29.94,image,broccoli
FLAVA,mscoco,-6.21,26.96,image,broccoli
FLAVA,mscoco,-15.45,24.82,image,broccoli
FLAVA,mscoco,-4.18,29.67,image,broccoli
FLAVA,mscoco,-1.31,25.45,image,broccoli
FLAVA,mscoco,-9.10,27.91,image,broccoli
FLAVA,mscoco,-7.51,28.13,image,broccoli
FLAVA,mscoco,-4.60,28.86,image,broccoli
FLAVA,mscoco,-15.58,24.46,image,broccoli
FLAVA,mscoco,-5.89,30.15,image,broccoli
FLAVA,mscoco,-4.37,31.67,image,broccoli
FLAVA,mscoco,-2.62,29.53,image,broccoli
FLAVA,mscoco,-15.88,24.25,image,broccoli
FLAVA,mscoco,-2.53,27.62,image,broccoli
FLAVA,mscoco,-2.90,21.13,image,broccoli
FLAVA,mscoco,-9.83,28.47,image,broccoli
FLAVA,mscoco,-8.13,29.79,image,broccoli
FLAVA,mscoco,-5.54,31.58,image,broccoli
FLAVA,mscoco,-10.23,25.99,image,broccoli
FLAVA,mscoco,-3.50,25.10,image,broccoli
FLAVA,mscoco,-6.22,30.26,image,broccoli
FLAVA,mscoco,-6.42,29.39,image,broccoli
FLAVA,mscoco,-15.16,23.31,image,broccoli
FLAVA,mscoco,-5.47,27.50,image,broccoli
FLAVA,mscoco,-3.17,27.66,image,broccoli
FLAVA,mscoco,-1.42,25.70,image,broccoli
FLAVA,mscoco,-6.11,28.19,image,broccoli
FLAVA,mscoco,-7.06,26.97,image,broccoli
FLAVA,mscoco,-5.35,27.39,image,broccoli
FLAVA,mscoco,-6.08,29.98,image,broccoli
FLAVA,mscoco,-2.26,26.70,image,broccoli
FLAVA,mscoco,-8.41,29.10,image,broccoli
FLAVA,mscoco,-3.48,29.58,image,broccoli
FLAVA,mscoco,-2.07,28.02,image,broccoli
FLAVA,mscoco,-12.58,24.35,image,broccoli
FLAVA,mscoco,-9.26,29.31,image,broccoli
FLAVA,mscoco,-3.09,30.25,image,broccoli
FLAVA,mscoco,-8.79,27.91,image,broccoli
FLAVA,mscoco,-3.23,30.83,image,broccoli
FLAVA,mscoco,-3.59,28.20,image,broccoli
FLAVA,mscoco,-9.54,29.36,image,broccoli
FLAVA,mscoco,-3.42,27.27,image,broccoli
FLAVA,mscoco,-6.35,28.60,image,broccoli
FLAVA,mscoco,-15.32,25.22,image,broccoli
FLAVA,mscoco,-8.48,25.92,image,broccoli
FLAVA,mscoco,-15.61,24.38,image,broccoli
FLAVA,mscoco,-12.46,3.89,image,beigel
FLAVA,mscoco,-14.69,4.38,image,beigel
FLAVA,mscoco,-14.68,9.01,image,beigel
FLAVA,mscoco,-14.89,7.99,image,beigel
FLAVA,mscoco,-16.35,-0.46,image,beigel
FLAVA,mscoco,-15.47,2.96,image,beigel
FLAVA,mscoco,-16.79,2.19,image,beigel
FLAVA,mscoco,-14.59,9.28,image,beigel
FLAVA,mscoco,-14.44,3.81,image,beigel
FLAVA,mscoco,-13.15,0.49,image,beigel
FLAVA,mscoco,-17.61,0.84,image,beigel
FLAVA,mscoco,-15.30,1.08,image,beigel
FLAVA,mscoco,-17.45,0.31,image,beigel
FLAVA,mscoco,-14.60,3.51,image,beigel
FLAVA,mscoco,-17.47,6.16,image,beigel
FLAVA,mscoco,-16.45,5.08,image,beigel
FLAVA,mscoco,-11.77,-0.79,image,beigel
FLAVA,mscoco,-14.73,7.13,image,beigel
FLAVA,mscoco,-15.82,-0.24,image,beigel
FLAVA,mscoco,-18.06,1.97,image,beigel
FLAVA,mscoco,-11.44,5.92,image,beigel
FLAVA,mscoco,-19.44,0.34,image,beigel
FLAVA,mscoco,-14.79,4.82,image,beigel
FLAVA,mscoco,-8.46,-0.66,image,beigel
FLAVA,mscoco,-15.07,6.64,image,beigel
FLAVA,mscoco,-14.99,-0.65,image,beigel
FLAVA,mscoco,-18.34,4.38,image,beigel
FLAVA,mscoco,-13.16,1.28,image,beigel
FLAVA,mscoco,-17.80,2.69,image,beigel
FLAVA,mscoco,-5.62,17.75,image,beigel
FLAVA,mscoco,-13.32,3.41,image,beigel
FLAVA,mscoco,-16.46,3.67,image,beigel
FLAVA,mscoco,-16.51,5.40,image,beigel
FLAVA,mscoco,-15.27,0.99,image,beigel
FLAVA,mscoco,-18.45,0.64,image,beigel
FLAVA,mscoco,-17.26,1.28,image,beigel
FLAVA,mscoco,-17.11,1.18,image,beigel
FLAVA,mscoco,-16.10,0.41,image,beigel
FLAVA,mscoco,-14.39,1.55,image,beigel
FLAVA,mscoco,-17.59,-1.15,image,beigel
FLAVA,mscoco,-15.68,2.23,image,beigel
FLAVA,mscoco,-17.44,6.05,image,beigel
FLAVA,mscoco,-14.60,1.98,image,beigel
FLAVA,mscoco,-10.98,1.18,image,beigel
FLAVA,mscoco,-16.76,3.55,image,beigel
FLAVA,mscoco,-14.34,2.03,image,beigel
FLAVA,mscoco,-11.69,2.59,image,beigel
FLAVA,mscoco,-15.77,-0.51,image,beigel
FLAVA,mscoco,-16.34,0.34,image,beigel
FLAVA,mscoco,-14.26,-0.65,image,beigel
FLAVA,mscoco,-5.04,-41.86,image,racquet
FLAVA,mscoco,-2.61,-40.98,image,racquet
FLAVA,mscoco,-3.18,-39.20,image,racquet
FLAVA,mscoco,-1.69,-42.59,image,racquet
FLAVA,mscoco,-2.01,-39.94,image,racquet
FLAVA,mscoco,-5.85,-31.84,image,racquet
FLAVA,mscoco,-7.70,-37.40,image,racquet
FLAVA,mscoco,-3.82,-40.47,image,racquet
FLAVA,mscoco,-4.39,-40.87,image,racquet
FLAVA,mscoco,-6.62,-40.25,image,racquet
FLAVA,mscoco,-3.81,-42.63,image,racquet
FLAVA,mscoco,-5.42,-33.83,image,racquet
FLAVA,mscoco,-2.07,-40.20,image,racquet
FLAVA,mscoco,-4.93,-35.14,image,racquet
FLAVA,mscoco,-5.62,-41.48,image,racquet
FLAVA,mscoco,-3.67,-43.24,image,racquet
FLAVA,mscoco,-4.39,-42.87,image,racquet
FLAVA,mscoco,-3.21,-36.67,image,racquet
FLAVA,mscoco,-3.04,-41.93,image,racquet
FLAVA,mscoco,-5.99,-41.01,image,racquet
FLAVA,mscoco,-3.04,-40.88,image,racquet
FLAVA,mscoco,-5.63,-41.49,image,racquet
FLAVA,mscoco,-6.10,-33.28,image,racquet
FLAVA,mscoco,-7.24,-35.57,image,racquet
FLAVA,mscoco,-3.73,-40.72,image,racquet
FLAVA,mscoco,-5.89,-38.99,image,racquet
FLAVA,mscoco,-3.05,-35.17,image,racquet
FLAVA,mscoco,-4.56,-35.01,image,racquet
FLAVA,mscoco,-3.46,-36.39,image,racquet
FLAVA,mscoco,-4.46,-41.63,image,racquet
FLAVA,mscoco,-3.38,-42.47,image,racquet
FLAVA,mscoco,-1.27,-26.30,image,racquet
FLAVA,mscoco,-6.52,-35.54,image,racquet
FLAVA,mscoco,-7.62,-37.48,image,racquet
FLAVA,mscoco,-6.23,-40.22,image,racquet
FLAVA,mscoco,-6.32,-33.27,image,racquet
FLAVA,mscoco,-2.92,-39.48,image,racquet
FLAVA,mscoco,-5.19,-38.37,image,racquet
FLAVA,mscoco,-4.78,-40.26,image,racquet
FLAVA,mscoco,-8.39,-31.15,image,racquet
FLAVA,mscoco,-3.31,-41.23,image,racquet
FLAVA,mscoco,-6.95,-35.64,image,racquet
FLAVA,mscoco,-6.44,-37.66,image,racquet
FLAVA,mscoco,-7.29,-39.88,image,racquet
FLAVA,mscoco,-4.50,-38.19,image,racquet
FLAVA,mscoco,-8.36,-32.79,image,racquet
FLAVA,mscoco,-8.30,-30.56,image,racquet
FLAVA,mscoco,-5.97,-42.35,image,racquet
FLAVA,mscoco,-4.84,-38.21,image,racquet
FLAVA,mscoco,-8.30,-32.71,image,racquet
FLAVA,mscoco,25.05,8.39,image,microwave oven
FLAVA,mscoco,28.71,10.64,image,microwave oven
FLAVA,mscoco,26.80,12.27,image,microwave oven
FLAVA,mscoco,29.91,8.92,image,microwave oven
FLAVA,mscoco,22.91,6.75,image,microwave oven
FLAVA,mscoco,27.73,11.25,image,microwave oven
FLAVA,mscoco,28.90,12.24,image,microwave oven
FLAVA,mscoco,23.61,7.40,image,microwave oven
FLAVA,mscoco,25.16,12.01,image,microwave oven
FLAVA,mscoco,23.40,7.65,image,microwave oven
FLAVA,mscoco,18.12,6.85,image,microwave oven
FLAVA,mscoco,20.10,7.25,image,microwave oven
FLAVA,mscoco,26.09,11.17,image,microwave oven
FLAVA,mscoco,24.62,6.79,image,microwave oven
FLAVA,mscoco,28.32,8.90,image,microwave oven
FLAVA,mscoco,27.20,9.11,image,microwave oven
FLAVA,mscoco,26.27,11.17,image,microwave oven
FLAVA,mscoco,29.96,9.15,image,microwave oven
FLAVA,mscoco,26.38,9.62,image,microwave oven
FLAVA,mscoco,28.08,10.58,image,microwave oven
FLAVA,mscoco,25.15,12.27,image,microwave oven
FLAVA,mscoco,28.22,11.99,image,microwave oven
FLAVA,mscoco,28.66,11.44,image,microwave oven
FLAVA,mscoco,27.92,7.39,image,microwave oven
FLAVA,mscoco,25.34,14.11,image,microwave oven
FLAVA,mscoco,29.12,12.29,image,microwave oven
FLAVA,mscoco,24.51,7.50,image,microwave oven
FLAVA,mscoco,27.73,13.46,image,microwave oven
FLAVA,mscoco,26.94,8.86,image,microwave oven
FLAVA,mscoco,26.82,8.30,image,microwave oven
FLAVA,mscoco,24.34,9.14,image,microwave oven
FLAVA,mscoco,30.76,11.19,image,microwave oven
FLAVA,mscoco,25.78,13.28,image,microwave oven
FLAVA,mscoco,27.73,9.37,image,microwave oven
FLAVA,mscoco,29.02,10.22,image,microwave oven
FLAVA,mscoco,29.51,11.62,image,microwave oven
FLAVA,mscoco,26.01,8.35,image,microwave oven
FLAVA,mscoco,22.14,8.55,image,microwave oven
FLAVA,mscoco,27.09,13.97,image,microwave oven
FLAVA,mscoco,24.58,10.23,image,microwave oven
FLAVA,mscoco,31.36,9.72,image,microwave oven
FLAVA,mscoco,24.64,11.54,image,microwave oven
FLAVA,mscoco,29.21,9.76,image,microwave oven
FLAVA,mscoco,25.66,8.26,image,microwave oven
FLAVA,mscoco,22.84,8.60,image,microwave oven
FLAVA,mscoco,27.16,8.15,image,microwave oven
FLAVA,mscoco,31.32,9.58,image,microwave oven
FLAVA,mscoco,24.84,8.83,image,microwave oven
FLAVA,mscoco,31.00,11.11,image,microwave oven
FLAVA,mscoco,28.90,11.11,image,microwave oven
FLAVA,mscoco,12.54,-15.25,image,umbrella
FLAVA,mscoco,6.85,-19.38,image,umbrella
FLAVA,mscoco,2.93,-18.62,image,umbrella
FLAVA,mscoco,4.82,-8.76,image,umbrella
FLAVA,mscoco,7.95,-17.17,image,umbrella
FLAVA,mscoco,7.86,-9.53,image,umbrella
FLAVA,mscoco,4.64,-13.75,image,umbrella
FLAVA,mscoco,14.01,-18.82,image,umbrella
FLAVA,mscoco,5.55,-13.10,image,umbrella
FLAVA,mscoco,11.25,-14.21,image,umbrella
FLAVA,mscoco,-1.20,-13.84,image,umbrella
FLAVA,mscoco,12.65,-16.45,image,umbrella
FLAVA,mscoco,12.76,-16.26,image,umbrella
FLAVA,mscoco,10.53,-15.74,image,umbrella
FLAVA,mscoco,2.69,-16.17,image,umbrella
FLAVA,mscoco,6.89,-19.33,image,umbrella
FLAVA,mscoco,10.28,-17.68,image,umbrella
FLAVA,mscoco,10.34,-17.84,image,umbrella
FLAVA,mscoco,10.01,-14.70,image,umbrella
FLAVA,mscoco,1.82,-13.88,image,umbrella
FLAVA,mscoco,13.16,-14.23,image,umbrella
FLAVA,mscoco,10.51,-16.96,image,umbrella
FLAVA,mscoco,12.78,-11.63,image,umbrella
FLAVA,mscoco,13.15,-14.56,image,umbrella
FLAVA,mscoco,14.04,-18.85,image,umbrella
FLAVA,mscoco,8.98,-19.34,image,umbrella
FLAVA,mscoco,9.84,-9.78,image,umbrella
FLAVA,mscoco,8.60,-16.61,image,umbrella
FLAVA,mscoco,9.76,-11.38,image,umbrella
FLAVA,mscoco,1.29,-12.25,image,umbrella
FLAVA,mscoco,9.29,-18.83,image,umbrella
FLAVA,mscoco,4.77,-19.46,image,umbrella
FLAVA,mscoco,8.51,-14.88,image,umbrella
FLAVA,mscoco,12.44,-15.46,image,umbrella
FLAVA,mscoco,2.85,-11.76,image,umbrella
FLAVA,mscoco,3.63,-10.43,image,umbrella
FLAVA,mscoco,-2.05,-5.14,image,umbrella
FLAVA,mscoco,12.68,-12.27,image,umbrella
FLAVA,mscoco,1.68,-17.12,image,umbrella
FLAVA,mscoco,3.52,-17.31,image,umbrella
FLAVA,mscoco,7.80,-8.15,image,umbrella
FLAVA,mscoco,7.70,-7.99,image,umbrella
FLAVA,mscoco,1.95,-12.19,image,umbrella
FLAVA,mscoco,12.64,-17.23,image,umbrella
FLAVA,mscoco,5.02,-10.92,image,umbrella
FLAVA,mscoco,4.76,-19.55,image,umbrella
FLAVA,mscoco,6.30,-8.89,image,umbrella
FLAVA,mscoco,11.24,-11.22,image,umbrella
FLAVA,mscoco,4.25,-14.55,image,umbrella
FLAVA,mscoco,1.40,-15.36,image,umbrella
FLAVA,mscoco,-11.56,20.11,text,broccoli
FLAVA,mscoco,-10.96,22.29,text,broccoli
FLAVA,mscoco,-9.52,20.17,text,broccoli
FLAVA,mscoco,-9.04,21.60,text,broccoli
FLAVA,mscoco,-7.96,21.84,text,broccoli
FLAVA,mscoco,-8.59,23.67,text,broccoli
FLAVA,mscoco,-12.60,22.05,text,broccoli
FLAVA,mscoco,-10.03,23.66,text,broccoli
FLAVA,mscoco,-10.91,19.33,text,broccoli
FLAVA,mscoco,-6.20,21.70,text,broccoli
FLAVA,mscoco,-5.82,19.88,text,broccoli
FLAVA,mscoco,-6.82,20.11,text,broccoli
FLAVA,mscoco,-12.45,21.89,text,broccoli
FLAVA,mscoco,-8.24,21.46,text,broccoli
FLAVA,mscoco,-8.59,24.03,text,broccoli
FLAVA,mscoco,-9.84,21.28,text,broccoli
FLAVA,mscoco,-13.05,21.65,text,broccoli
FLAVA,mscoco,-11.43,22.01,text,broccoli
FLAVA,mscoco,-3.84,20.57,text,broccoli
FLAVA,mscoco,-5.95,21.88,text,broccoli
FLAVA,mscoco,-8.57,24.53,text,broccoli
FLAVA,mscoco,-8.32,22.77,text,broccoli
FLAVA,mscoco,-9.97,24.59,text,broccoli
FLAVA,mscoco,-9.79,23.13,text,broccoli
FLAVA,mscoco,-5.76,21.06,text,broccoli
FLAVA,mscoco,-7.85,22.91,text,broccoli
FLAVA,mscoco,-14.27,20.88,text,broccoli
FLAVA,mscoco,-10.22,21.92,text,broccoli
FLAVA,mscoco,-9.53,21.65,text,broccoli
FLAVA,mscoco,-11.80,19.69,text,broccoli
FLAVA,mscoco,-7.13,20.25,text,broccoli
FLAVA,mscoco,-6.40,21.86,text,broccoli
FLAVA,mscoco,-8.58,20.78,text,broccoli
FLAVA,mscoco,-7.66,23.06,text,broccoli
FLAVA,mscoco,-10.41,22.92,text,broccoli
FLAVA,mscoco,-8.01,24.15,text,broccoli
FLAVA,mscoco,-11.17,23.97,text,broccoli
FLAVA,mscoco,-8.74,19.07,text,broccoli
FLAVA,mscoco,-12.37,23.38,text,broccoli
FLAVA,mscoco,-6.64,22.45,text,broccoli
FLAVA,mscoco,-10.14,22.85,text,broccoli
FLAVA,mscoco,-9.24,23.03,text,broccoli
FLAVA,mscoco,-9.11,21.74,text,broccoli
FLAVA,mscoco,-7.78,20.48,text,broccoli
FLAVA,mscoco,-5.10,22.08,text,broccoli
FLAVA,mscoco,-9.45,19.91,text,broccoli
FLAVA,mscoco,-6.12,23.07,text,broccoli
FLAVA,mscoco,-11.85,22.41,text,broccoli
FLAVA,mscoco,-7.39,24.25,text,broccoli
FLAVA,mscoco,-14.11,20.97,text,broccoli
FLAVA,mscoco,-4.32,6.61,text,beigel
FLAVA,mscoco,-6.92,6.06,text,beigel
FLAVA,mscoco,-10.16,8.96,text,beigel
FLAVA,mscoco,-9.44,8.69,text,beigel
FLAVA,mscoco,-4.16,3.71,text,beigel
FLAVA,mscoco,-10.11,4.36,text,beigel
FLAVA,mscoco,-5.14,2.06,text,beigel
FLAVA,mscoco,-10.43,9.81,text,beigel
FLAVA,mscoco,-7.21,6.73,text,beigel
FLAVA,mscoco,-5.38,5.94,text,beigel
FLAVA,mscoco,-6.60,4.31,text,beigel
FLAVA,mscoco,-6.89,5.00,text,beigel
FLAVA,mscoco,-5.35,3.33,text,beigel
FLAVA,mscoco,-9.17,3.69,text,beigel
FLAVA,mscoco,-7.62,3.36,text,beigel
FLAVA,mscoco,-9.59,4.36,text,beigel
FLAVA,mscoco,-6.64,2.98,text,beigel
FLAVA,mscoco,-8.46,9.14,text,beigel
FLAVA,mscoco,-5.32,4.23,text,beigel
FLAVA,mscoco,-8.48,5.93,text,beigel
FLAVA,mscoco,-10.16,5.69,text,beigel
FLAVA,mscoco,-8.09,0.98,text,beigel
FLAVA,mscoco,-9.64,5.11,text,beigel
FLAVA,mscoco,-8.30,-0.11,text,beigel
FLAVA,mscoco,-8.91,2.05,text,beigel
FLAVA,mscoco,-6.12,4.34,text,beigel
FLAVA,mscoco,-6.95,1.07,text,beigel
FLAVA,mscoco,-7.51,5.50,text,beigel
FLAVA,mscoco,-9.41,6.05,text,beigel
FLAVA,mscoco,-8.66,9.15,text,beigel
FLAVA,mscoco,-9.52,3.14,text,beigel
FLAVA,mscoco,-9.11,1.94,text,beigel
FLAVA,mscoco,-10.05,7.18,text,beigel
FLAVA,mscoco,-6.17,4.66,text,beigel
FLAVA,mscoco,-5.95,5.42,text,beigel
FLAVA,mscoco,-4.81,3.09,text,beigel
FLAVA,mscoco,-5.02,3.84,text,beigel
FLAVA,mscoco,-4.60,3.21,text,beigel
FLAVA,mscoco,-7.84,5.22,text,beigel
FLAVA,mscoco,-5.39,3.56,text,beigel
FLAVA,mscoco,-7.83,3.74,text,beigel
FLAVA,mscoco,-6.14,5.78,text,beigel
FLAVA,mscoco,-8.62,5.48,text,beigel
FLAVA,mscoco,-9.30,1.76,text,beigel
FLAVA,mscoco,-8.50,1.94,text,beigel
FLAVA,mscoco,-9.05,5.87,text,beigel
FLAVA,mscoco,-9.59,4.16,text,beigel
FLAVA,mscoco,-4.53,4.68,text,beigel
FLAVA,mscoco,-4.74,3.85,text,beigel
FLAVA,mscoco,-7.97,1.98,text,beigel
FLAVA,mscoco,-1.07,-32.77,text,racquet
FLAVA,mscoco,0.32,-30.49,text,racquet
FLAVA,mscoco,-1.53,-30.62,text,racquet
FLAVA,mscoco,-5.11,-29.95,text,racquet
FLAVA,mscoco,-1.43,-29.75,text,racquet
FLAVA,mscoco,-5.34,-30.96,text,racquet
FLAVA,mscoco,-6.13,-27.80,text,racquet
FLAVA,mscoco,-1.50,-30.64,text,racquet
FLAVA,mscoco,-1.41,-32.64,text,racquet
FLAVA,mscoco,-4.77,-26.58,text,racquet
FLAVA,mscoco,-0.76,-30.68,text,racquet
FLAVA,mscoco,-0.28,-28.65,text,racquet
FLAVA,mscoco,-2.82,-30.48,text,racquet
FLAVA,mscoco,-1.30,-29.69,text,racquet
FLAVA,mscoco,-2.53,-32.69,text,racquet
FLAVA,mscoco,-1.71,-28.08,text,racquet
FLAVA,mscoco,-2.59,-29.57,text,racquet
FLAVA,mscoco,-2.71,-28.30,text,racquet
FLAVA,mscoco,-3.02,-31.10,text,racquet
FLAVA,mscoco,-5.52,-26.94,text,racquet
FLAVA,mscoco,-2.01,-31.47,text,racquet
FLAVA,mscoco,-2.43,-33.16,text,racquet
FLAVA,mscoco,0.06,-32.32,text,racquet
FLAVA,mscoco,-6.13,-26.87,text,racquet
FLAVA,mscoco,-2.58,-32.10,text,racquet
FLAVA,mscoco,-6.15,-27.72,text,racquet
FLAVA,mscoco,-1.19,-31.78,text,racquet
FLAVA,mscoco,-1.94,-29.86,text,racquet
FLAVA,mscoco,-1.64,-31.61,text,racquet
FLAVA,mscoco,0.60,-30.49,text,racquet
FLAVA,mscoco,-2.91,-29.48,text,racquet
FLAVA,mscoco,-1.47,-26.75,text,racquet
FLAVA,mscoco,-1.48,-30.02,text,racquet
FLAVA,mscoco,-4.78,-27.56,text,racquet
FLAVA,mscoco,-3.99,-26.76,text,racquet
FLAVA,mscoco,-5.60,-27.47,text,racquet
FLAVA,mscoco,-0.26,-29.40,text,racquet
FLAVA,mscoco,-3.43,-27.77,text,racquet
FLAVA,mscoco,-4.03,-27.58,text,racquet
FLAVA,mscoco,-4.64,-28.55,text,racquet
FLAVA,mscoco,-1.29,-29.20,text,racquet
FLAVA,mscoco,-4.99,-27.50,text,racquet
FLAVA,mscoco,-5.60,-28.40,text,racquet
FLAVA,mscoco,-4.30,-27.03,text,racquet
FLAVA,mscoco,-0.73,-31.90,text,racquet
FLAVA,mscoco,-4.97,-31.04,text,racquet
FLAVA,mscoco,-4.57,-26.31,text,racquet
FLAVA,mscoco,-4.11,-30.97,text,racquet
FLAVA,mscoco,-3.47,-32.31,text,racquet
FLAVA,mscoco,-4.25,-29.40,text,racquet
FLAVA,mscoco,20.21,11.74,text,microwave oven
FLAVA,mscoco,14.97,11.09,text,microwave oven
FLAVA,mscoco,18.62,11.17,text,microwave oven
FLAVA,mscoco,18.08,10.75,text,microwave oven
FLAVA,mscoco,17.14,8.78,text,microwave oven
FLAVA,mscoco,18.60,10.33,text,microwave oven
FLAVA,mscoco,17.59,14.29,text,microwave oven
FLAVA,mscoco,18.65,9.05,text,microwave oven
FLAVA,mscoco,14.93,15.55,text,microwave oven
FLAVA,mscoco,18.82,9.76,text,microwave oven
FLAVA,mscoco,18.17,7.75,text,microwave oven
FLAVA,mscoco,19.11,7.82,text,microwave oven
FLAVA,mscoco,20.51,11.45,text,microwave oven
FLAVA,mscoco,18.47,9.47,text,microwave oven
FLAVA,mscoco,17.71,14.16,text,microwave oven
FLAVA,mscoco,15.49,11.68,text,microwave oven
FLAVA,mscoco,17.53,10.41,text,microwave oven
FLAVA,mscoco,17.32,12.36,text,microwave oven
FLAVA,mscoco,16.08,16.05,text,microwave oven
FLAVA,mscoco,19.12,11.13,text,microwave oven
FLAVA,mscoco,18.96,13.36,text,microwave oven
FLAVA,mscoco,15.02,10.42,text,microwave oven
FLAVA,mscoco,19.35,15.14,text,microwave oven
FLAVA,mscoco,20.24,13.35,text,microwave oven
FLAVA,mscoco,16.33,8.47,text,microwave oven
FLAVA,mscoco,19.09,12.98,text,microwave oven
FLAVA,mscoco,17.81,10.98,text,microwave oven
FLAVA,mscoco,18.40,13.16,text,microwave oven
FLAVA,mscoco,16.40,11.37,text,microwave oven
FLAVA,mscoco,16.03,11.68,text,microwave oven
FLAVA,mscoco,17.93,11.70,text,microwave oven
FLAVA,mscoco,15.26,13.88,text,microwave oven
FLAVA,mscoco,17.36,15.95,text,microwave oven
FLAVA,mscoco,16.19,12.32,text,microwave oven
FLAVA,mscoco,16.76,14.72,text,microwave oven
FLAVA,mscoco,14.92,15.62,text,microwave oven
FLAVA,mscoco,19.02,10.91,text,microwave oven
FLAVA,mscoco,19.49,9.64,text,microwave oven
FLAVA,mscoco,16.48,10.34,text,microwave oven
FLAVA,mscoco,19.29,15.02,text,microwave oven
FLAVA,mscoco,17.34,13.21,text,microwave oven
FLAVA,mscoco,16.71,15.24,text,microwave oven
FLAVA,mscoco,16.13,16.28,text,microwave oven
FLAVA,mscoco,17.27,12.53,text,microwave oven
FLAVA,mscoco,17.89,9.93,text,microwave oven
FLAVA,mscoco,15.27,13.62,text,microwave oven
FLAVA,mscoco,14.70,12.26,text,microwave oven
FLAVA,mscoco,19.05,12.59,text,microwave oven
FLAVA,mscoco,18.81,13.46,text,microwave oven
FLAVA,mscoco,18.82,12.02,text,microwave oven
FLAVA,mscoco,8.82,-13.30,text,umbrella
FLAVA,mscoco,6.50,-18.11,text,umbrella
FLAVA,mscoco,-4.07,-24.70,text,umbrella
FLAVA,mscoco,4.92,-9.39,text,umbrella
FLAVA,mscoco,6.26,-15.56,text,umbrella
FLAVA,mscoco,8.03,-11.46,text,umbrella
FLAVA,mscoco,5.63,-14.24,text,umbrella
FLAVA,mscoco,4.97,-15.82,text,umbrella
FLAVA,mscoco,6.03,-14.22,text,umbrella
FLAVA,mscoco,7.70,-13.42,text,umbrella
FLAVA,mscoco,-1.57,-13.15,text,umbrella
FLAVA,mscoco,8.93,-12.60,text,umbrella
FLAVA,mscoco,9.90,-13.35,text,umbrella
FLAVA,mscoco,7.22,-13.12,text,umbrella
FLAVA,mscoco,3.44,-15.86,text,umbrella
FLAVA,mscoco,6.47,-18.06,text,umbrella
FLAVA,mscoco,7.42,-15.63,text,umbrella
FLAVA,mscoco,7.01,-14.97,text,umbrella
FLAVA,mscoco,8.30,-12.77,text,umbrella
FLAVA,mscoco,2.67,-14.26,text,umbrella
FLAVA,mscoco,10.12,-13.46,text,umbrella
FLAVA,mscoco,11.04,-12.83,text,umbrella
FLAVA,mscoco,6.52,-11.08,text,umbrella
FLAVA,mscoco,10.30,-12.92,text,umbrella
FLAVA,mscoco,9.83,-13.95,text,umbrella
FLAVA,mscoco,4.76,-17.68,text,umbrella
FLAVA,mscoco,9.26,-10.52,text,umbrella
FLAVA,mscoco,6.97,-15.37,text,umbrella
FLAVA,mscoco,8.95,-11.58,text,umbrella
FLAVA,mscoco,5.19,-15.30,text,umbrella
FLAVA,mscoco,6.47,-16.30,text,umbrella
FLAVA,mscoco,5.63,-16.81,text,umbrella
FLAVA,mscoco,6.16,-13.94,text,umbrella
FLAVA,mscoco,8.99,-13.00,text,umbrella
FLAVA,mscoco,3.04,-12.56,text,umbrella
FLAVA,mscoco,4.96,-10.40,text,umbrella
FLAVA,mscoco,-2.26,-4.91,text,umbrella
FLAVA,mscoco,7.24,-11.77,text,umbrella
FLAVA,mscoco,4.29,-15.84,text,umbrella
FLAVA,mscoco,4.04,-16.60,text,umbrella
FLAVA,mscoco,6.85,-10.15,text,umbrella
FLAVA,mscoco,7.06,-9.86,text,umbrella
FLAVA,mscoco,2.73,-13.04,text,umbrella
FLAVA,mscoco,4.64,-15.80,text,umbrella
FLAVA,mscoco,5.48,-10.15,text,umbrella
FLAVA,mscoco,5.64,-16.79,text,umbrella
FLAVA,mscoco,6.84,-11.11,text,umbrella
FLAVA,mscoco,7.10,-11.65,text,umbrella
FLAVA,mscoco,4.65,-15.53,text,umbrella
FLAVA,mscoco,2.74,-15.01,text,umbrella
